KBDDD02:000201324:mpeg21:a0002	1901	Rotterdamsch nieuwsblad	Vragen van den dag.	artikel	0.9520879120879121	nl	06_Hunt_economical	\N	Regionaal/lokaal	\N	\N
KBDDD02:000201361:mpeg21:a0024	1901	Rotterdamsch nieuwsblad	Tweede Blad. Koning Edward VII van Engeland. — De toebereidselen tot de begrafenis van koningin Victoria.	artikel	0.9320190346702923	nl	06_Hunt_economical	\N	Regionaal/lokaal	\N	\N
KBDDD02:000202226:mpeg21:a0018	1869	De locomotief	Haagsche Brieven.	artikel	0.9433797909407665	nl	06_Hunt_economical	\N	Regionaal/lokaal	\N	\N
KBDDD02:000202272:mpeg21:a0012	1869	De locomotief	ENGELAND.	artikel	0.9528936742934051	nl	06_Hunt_economical	\N	Regionaal/lokaal	\N	\N
KBDDD02:000202780:mpeg21:a0004	1871	De locomotief	Beethoven en Napoleon I.	artikel	0.9623126338329765	nl	06_Hunt_economical	\N	Regionaal/lokaal	\N	\N
KBDDD02:000203052:mpeg21:a0010	1871	De locomotief	Uit Parijs.	artikel	0.9450431034482759	nl	06_Hunt_economical	\N	Regionaal/lokaal	\N	\N
KBDDD02:000204291:mpeg21:a0026	1883	De locomotief	BIJVOEGSEL VAN De Locomotief. ZATERDAG, 1 September 1883. Kijkjes op de tentoonstelling. DOOR JOHAN GRAM. VIII.	artikel	0.9550224887556222	nl	06_Hunt_economical	\N	Regionaal/lokaal	\N	\N
KBDDD02:000214283:mpeg21:a0002	1859	Nieuw Amsterdamsch handels- en effectenblad	BUITENLAND. Frankrijk.	artikel	0.9483197556008147	nl	06_Hunt_economical	\N	Landelijk	\N	\N
KBDDD02:000214462:mpeg21:a0004	1859	Nieuw Amsterdamsch handels- en effectenblad	BINNENLAND.	artikel	0.9555505415162455	nl	05_Pest_control	\N	Landelijk	\N	\N
KBNRC01:000056762:mpeg21:a0095	1939	Algemeen Handelsblad	WAAROM DE PRINSES SLEEPJURKEN DROEG De voorspelling van de Koningin-Moeder was uitgekomen	artikel	0.9765060240963855	nl	06_Hunt_economical	\N	Landelijk	\N	\N
MMIISG05:000092836:mpeg21:a0002	1889	Recht voor allen	Het middeleeuwsch ideaal yan het Centrum.	artikel	0.9712773998488284	nl	06_Hunt_economical	\N	Landelijk	\N	\N
MMCODA01:000150686:mpeg21:a0004	1914	Nieuwe Apeldoornsche courant	BINNENLAND. Uit de Staatscourant.	artikel	0.9269521410579346	nl	06_Hunt_economical	\N	Regionaal/lokaal	\N	\N
KBDDD02:000217166:mpeg21:a0003	1878	Algemeen Handelsblad	HAAGSCHE KRONIEK. DE FEESTDAG.	artikel	0.9296875	nl	06_Hunt_economical	\N	Landelijk	\N	\N
KBDDD02:000217169:mpeg21:a0004	1878	Algemeen Handelsblad	Frankrijk.	artikel	0.9475555555555556	nl	06_Hunt_economical	\N	Landelijk	\N	\N
MMCODA01:000155910:mpeg21:a0085	1931	Nieuwe Apeldoornsche courant	VOOR DE JEUGD De wonderlijke geschiedenis van een koning met een rooden baard.	artikel	0.9536891679748822	nl	06_Hunt_economical	\N	Regionaal/lokaal	\N	\N
MMCODA02:000183680:mpeg21:a0008	1862	Apeldoornsche courant	1861—62. (Vervolg.)	artikel	0.9225181598062954	nl	06_Hunt_economical	\N	Regionaal/lokaal	\N	\N
MMCODA02:000185816:mpeg21:a0011	1898	Apeldoornsche courant	Binnenlandsche Berichten.	artikel	0.9527777777777777	nl	06_Hunt_economical	\N	Regionaal/lokaal	\N	\N
MMCODA02:000186868:mpeg21:a0016	1897	Apeldoornsche courant	Vervolg Plaatselijk Nieuws.	artikel	0.9708470847084708	nl	06_Hunt_economical	\N	Regionaal/lokaal	\N	\N
MMCODA02:000188904:mpeg21:a0026	1911	Apeldoornsche courant	Rubriek voor Vrouwen. De Wintermode. — Sleepjaponnen. — Avondtoiletten. — Weefsels. — Kapsels. — Schoeisel.	artikel	0.9022988505747126	nl	06_Hunt_economical	\N	Regionaal/lokaal	\N	\N
MMDA03:000098419:mpeg21:a0004	1883	Provinciale Drentsche en Asser courant	OVERZICHT DER BELANGRIJKSTE GEBEURTENISSEN.	artikel	0.9550072568940493	nl	06_Hunt_economical	\N	Regionaal/lokaal	\N	\N
MMDA03:000100901:mpeg21:a0001	1888	Provinciale Drentsche en Asser courant	BUITENLAND. OVERZICHT.	artikel	0.9730891422164082	nl	06_Hunt_economical	\N	Regionaal/lokaal	\N	\N
MMDA03:000102948:mpeg21:a0003	1901	Provinciale Drentsche en Asser courant	BUITENLAND. Zuid-Afrika.	artikel	0.9377431906614786	nl	06_Hunt_economical	\N	Regionaal/lokaal	\N	\N
MMDA03:000106809:mpeg21:a0022	1919	Provinciale Drentsche en Asser courant	TYCHO BRAHE	artikel	0.8514376996805112	nl	06_Hunt_economical	\N	Regionaal/lokaal	\N	\N
MMGARO01:000169812:mpeg21:a0001	1894	De grondwet	KONINGIN WILHELMINAFEEST.	artikel	0.9168356997971603	nl	06_Hunt_economical	\N	Regionaal/lokaal	\N	\N
MMGARO01:000171660:mpeg21:a0004	1895	De grondwet	BUITENLAND. FRANKRIJK.	artikel	0.9368279569892473	nl	06_Hunt_economical	\N	Regionaal/lokaal	\N	\N
MMGARO01:000178581:mpeg21:a0037	1934	De grondwet	De Heiligverklaring van Don Bosco Een diepaangrijpende plechtigheid	artikel	0.9197684036393714	nl	06_Hunt_economical	\N	Regionaal/lokaal	\N	\N
MMGARO01:000181537:mpeg21:a0054	1939	De grondwet	FEUILLETON STILLE WATEREN HEBBEN DIEPE GRONDEN	artikel	0.8870822041553749	nl	06_Hunt_economical	\N	Regionaal/lokaal	\N	\N
MMGAVL01:000003128:mpeg21:a0037	1895	Venloosche courant	GEMENGDE BERICHTEN. KAPITEIN MIAUW.	artikel	0.9365217391304348	nl	06_Hunt_economical	\N	Regionaal/lokaal	\N	\N
MMGAVL01:000003150:mpeg21:a0002	1894	Venloosche courant	BUITENLAND. BELGIE.	artikel	0.952678107124285	nl	06_Hunt_economical	\N	Regionaal/lokaal	\N	\N
MMGAVL01:000004135:mpeg21:a0003	1869	Venloosch weekblad	Buitenland.	artikel	0.9665271966527197	nl	06_Hunt_economical	\N	Regionaal/lokaal	\N	\N
MMGAVL01:000004188:mpeg21:a0003	1869	Venloosch weekblad	Nieuwstijdingen.	artikel	0.9518459069020867	nl	06_Hunt_economical	\N	Regionaal/lokaal	\N	\N
MMGAVL01:000004363:mpeg21:a0003	1904	Venloosche courant	BUITENLAND. België.	artikel	0.9581433899709905	nl	06_Hunt_economical	\N	Regionaal/lokaal	\N	\N
MMGAVL01:000005656:mpeg21:a0039	1898	Venloosche courant	Vervolg Buitenland.	artikel	0.9497847919655668	nl	06_Hunt_economical	\N	Regionaal/lokaal	\N	\N
MMGAVL01:000006249:mpeg21:a0042	1922	Nieuwe Venlosche courant	BUITENLAND. FRANKRIJK Brieven uit Frankrijk. (Door Mr. P. v. S.) Parijs, 5 Juli 1922. SPREKENDE CIJFERS.	artikel	0.8115097856477167	nl	06_Hunt_economical	\N	Regionaal/lokaal	\N	\N
MMHCO01:000071618:mpeg21:a0003	1881	Provinciale Overijsselsche en Zwolsche courant	BINNENLAND.	artikel	0.956338028169014	nl	06_Hunt_economical	\N	Regionaal/lokaal	\N	\N
MMHCO01:000071726:mpeg21:a0003	1889	Provinciale Overijsselsche en Zwolsche courant	FEUILLETON. Een Czaren-idylle.	artikel	0.9628832705755783	nl	06_Hunt_economical	\N	Regionaal/lokaal	\N	\N
MMHCO01:000075141:mpeg21:a0031	1901	Provinciale Overijsselsche en Zwolsche courant	BINNENLAND	artikel	0.9394230769230769	nl	06_Hunt_economical	\N	Regionaal/lokaal	\N	\N
MMHCO01:000081958:mpeg21:a0062	1920	Provinciale Overijsselsche en Zwolsche courant	Gevonden en verloren voorwerpen tusschen 10 en 17 Dec. 1920.	artikel	0.8733624454148472	nl	06_Hunt_economical	\N	Regionaal/lokaal	\N	\N
MMHCO01:000083415:mpeg21:a0051	1926	Provinciale Overijsselsche en Zwolsche courant	Het Zilveren Huwelijksfeest van het Koninklijk Echtpaar. 1901—7 Februari—1926.	artikel	0.9517326732673267	nl	06_Hunt_economical	\N	Regionaal/lokaal	\N	\N
MMIISG05:000091324:mpeg21:a0007	1893	Recht voor allen	FEUILLETON. 3½ maand „freule&quot;.	artikel	0.9409395973154362	nl	06_Hunt_economical	\N	Landelijk	\N	\N
MMKB04:000122245:mpeg21:a0045	1896	Haagsche courant	FEUILLETON. In liefde één.	artikel	0.9496221662468514	nl	06_Hunt_economical	\N	Regionaal/lokaal	\N	\N
MMKB04:000125727:mpeg21:a0005	1901	Haagsche courant	GEMENGD NIEUWS.	artikel	0.9268978444236177	nl	06_Hunt_economical	\N	Regionaal/lokaal	\N	\N
MMKB04:000126563:mpeg21:a0025	1899	Haagsche courant	GEMENGD NIEUWS.	artikel	0.9406698564593301	nl	06_Hunt_economical	\N	Regionaal/lokaal	\N	\N
MMKB04:000131220:mpeg21:a0046	1908	Haagsche courant	DE DELFTSCHE MASKERADE.	artikel	0.9043224866440019	nl	06_Hunt_economical	\N	Regionaal/lokaal	\N	\N
MMKB04:000132866:mpeg21:a0004	1909	Haagsche courant	FEUILLETON. STRADELLA	artikel	0.9138929088277858	nl	06_Hunt_economical	\N	Regionaal/lokaal	\N	\N
MMKB04:000138568:mpeg21:a0036	1910	Haagsche courant	GEMENGD NIEUWS.	artikel	0.9415274463007159	nl	06_Hunt_economical	\N	Regionaal/lokaal	\N	\N
MMKB04:000139740:mpeg21:a0061	1915	Haagsche courant	UIT OOST- EN WEST-INDIE.	artikel	0.9240121580547113	nl	06_Hunt_economical	\N	Regionaal/lokaal	\N	\N
MMKB04:000140066:mpeg21:a0015	1918	Haagsche courant	Advertentie	advertentie	0.7736943907156673	nl	06_Hunt_economical	\N	Regionaal/lokaal	\N	\N
MMKB04:000144664:mpeg21:a0057	1927	Haagsche courant	Advertentie	advertentie	0.754601226993865	nl	06_Hunt_economical	\N	Regionaal/lokaal	\N	\N
MMKB04:000146996:mpeg21:a0125	1930	Haagsche courant	Advertentie	advertentie	0.8472803347280334	nl	06_Hunt_economical	\N	Regionaal/lokaal	\N	\N
MMKB04:000149905:mpeg21:a0086	1939	Haagsche courant	KUNST EN LETTEREN. Nederland op de Wereldtentoonstelling te New York.	artikel	0.9366007194244604	nl	06_Hunt_economical	\N	Regionaal/lokaal	\N	\N
MMKB04:000151382:mpeg21:a0134	1933	Haagsche courant	STADSNIEUWS. De leiding van de Afdeeling Onderwijs.	artikel	0.9436421275096865	nl	06_Hunt_economical	\N	Regionaal/lokaal	\N	\N
MMKB04:000162263:mpeg21:a0002	1889	De Maasbode	BUITENLAND. Politiek Overzicht.	artikel	0.9491371480472298	nl	06_Hunt_economical	\N	Regionaal/lokaal	\N	\N
MMKB04:000184369:mpeg21:a0041	1913	De Maasbode	BUITENLAND. ITALIË.	artikel	0.9298473530367002	nl	06_Hunt_economical	\N	Regionaal/lokaal	\N	\N
MMKB04:000184569:mpeg21:a0043	1913	De Maasbode	AVONDBLAD. TWEEDE BLAD. MALTEZER REISBOEK.	artikel	0.9298013245033112	nl	06_Hunt_economical	\N	Regionaal/lokaal	\N	\N
MMKB04:000184598:mpeg21:a0045	1913	De Maasbode	BUITENLAND. ITALIË.	artikel	0.9520408163265306	nl	06_Hunt_economical	\N	Regionaal/lokaal	\N	\N
MMKB04:000187629:mpeg21:a0041	1904	De Maasbode	De Pauselijke kapel.	artikel	0.9209039548022598	nl	06_Hunt_economical	\N	Regionaal/lokaal	\N	\N
MMKB04:000185417:mpeg21:a0001	1915	De Maasbode	OCHTENDBLAD. Dit nummer bestaat uit TWEE bladen. EERSTE BLAD. De Europeesche Oorlog. De Franschen melden weer eenige onbeduidende voordeelen op het Westelijk oorlogstooneel. — In de Boekowina blijven de Oostenrijkers vooruitrukken. — De strijd om den Dukla-pas.	artikel	0.9362214199759326	nl	06_Hunt_economical	\N	Regionaal/lokaal	\N	\N
MMKB04:000187864:mpeg21:a0043	1904	De Maasbode	VOOR ONZE VROUWEN. De Vrouwenvraag.	artikel	0.9525159461374911	nl	06_Hunt_economical	\N	Regionaal/lokaal	\N	\N
MMKB04:000189230:mpeg21:a0001	1914	De Maasbode	OCHTENDBLAD Dit nummer bestaat uit TWEE bladen. EERSTE BLAD. BUITENLAND. BELGIË.	artikel	0.9229583975346687	nl	09_Figurative	\N	Regionaal/lokaal	\N	\N
MMKB04:000190495:mpeg21:a0133	1938	De Maasbode	ROTTERDAM. De begrafenis van onzen burgemeester.	artikel	0.9436405178979437	nl	06_Hunt_economical	\N	Regionaal/lokaal	\N	\N
MMKB04:000191544:mpeg21:a0030	1923	De Maasbode	KONING GUSTAAF V VAN ZWEDEN IN ONS LAND HET BEZOEK AAN 'S GRAVENHAGE	artikel	0.963963963963964	nl	06_Hunt_economical	\N	Regionaal/lokaal	\N	\N
MMKB08:000071222:mpeg21:a0011	1923	Delftsche courant	LAATSTE BERICHTEN. Koning Gustaaf V in Amsterdam.	artikel	0.949171270718232	nl	06_Hunt_economical	\N	Regionaal/lokaal	\N	\N
MMKB08:000075069:mpeg21:a0021	1930	Delftsche courant	Buitenland OVERZICHT. De Noorsche verkiezingen.	artikel	0.9638728323699421	nl	06_Hunt_economical	\N	Regionaal/lokaal	\N	\N
MMKB08:000087205:mpeg21:a0001	1868	Arnhemsche courant	ARNHEM, 15 DECEMBER.	artikel	0.9474720945502298	nl	06_Hunt_economical	\N	Regionaal/lokaal	\N	\N
MMKB08:000087868:mpeg21:a0003	1866	Arnhemsche courant	BUITENLAND. DUITSCHLAND.	artikel	0.924415443175639	nl	06_Hunt_economical	\N	Regionaal/lokaal	\N	\N
MMKB08:000088329:mpeg21:a0002	1853	Arnhemsche courant	Buitenlandsche Berigten. DUITSCHLAND.	artikel	0.8468137254901961	nl	06_Hunt_economical	\N	Regionaal/lokaal	\N	\N
MMKB08:000088555:mpeg21:a0002	1853	Arnhemsche courant	Tegenovergestelde consequentie. DE DIPLOMATIE EN HET GESLAGT. III.	artikel	0.9379310344827586	nl	06_Hunt_economical	\N	Regionaal/lokaal	\N	\N
MMKB08:000089054:mpeg21:a0006	1871	Arnhemsche courant	Buitenland. De kandidatuur der Bourbons.	artikel	0.9453524004085802	nl	06_Hunt_economical	\N	Regionaal/lokaal	\N	\N
MMKB08:000089663:mpeg21:a0002	1869	Arnhemsche courant	Binnenland.	artikel	0.954817637452368	nl	06_Hunt_economical	\N	Regionaal/lokaal	\N	\N
MMKB08:000089921:mpeg21:a0028	1865	Arnhemsche courant	MENGELWERK. Londen, 28 october 1865. Mijnheer de Redacteur!	artikel	0.9442538593481989	nl	06_Hunt_economical	\N	Regionaal/lokaal	\N	\N
MMKB08:000090810:mpeg21:a0001	1872	Arnhemsche courant	STAATKUNDIG OVERZIGT. 26 Augustus 1872.	artikel	0.9205426356589147	nl	06_Hunt_economical	\N	Regionaal/lokaal	\N	\N
MMKB08:000093488:mpeg21:a0022	1897	Arnhemsche courant	BIJVOEGSEL behoorende bij de Arnhemsche Courant van Zaterdag 13 Februari 1897 LETTERKUNDE, TOONEEL, CONCERTEN, enz.	artikel	0.9360730593607306	nl	06_Hunt_economical	\N	Regionaal/lokaal	\N	\N
MMKB08:000095329:mpeg21:a0003	1878	Arnhemsche courant	17) DE NABOB. Parijsche zeden, door ALPHONSE DAUDET.	artikel	0.9285120532003325	nl	06_Hunt_economical	\N	Regionaal/lokaal	\N	\N
MMKB08:000097665:mpeg21:a0034	1880	Arnhemsche courant	Gemengde berigten.	artikel	0.9352941176470588	nl	06_Hunt_economical	\N	Regionaal/lokaal	\N	\N
MMKB08:000140690:mpeg21:a0002	1888	Delftsche courant	Binnenlandsche Berichten. DELFT, 21 Augustus 1888.	artikel	0.9514634146341463	nl	06_Hunt_economical	\N	Regionaal/lokaal	\N	\N
MMKB08:000096829:mpeg21:a0004	1908	Arnhemsche courant	NIEUWS UIT GEMEENTE EN PROVINCIE. Gemeente-Werklieden.	artikel	0.9441340782122905	nl	06_Hunt_economical	\N	Regionaal/lokaal	\N	\N
MMKB08:000103280:mpeg21:a0027	1920	Arnhemsche courant	Buitenland. Vragen van den Dag.	artikel	0.9466666666666667	nl	06_Hunt_economical	\N	Regionaal/lokaal	\N	\N
MMKB08:000106939:mpeg21:a0008	1878	Arnhemsche courant	Buitenland. Frankrijk.	artikel	0.9340584636301835	nl	06_Hunt_economical	\N	Regionaal/lokaal	\N	\N
MMKB08:000113330:mpeg21:a0002	1873	Delftsche courant	Binnenlandsche Berigten. DELFT 10 Julij 1873.	artikel	0.9642306506321308	nl	06_Hunt_economical	\N	Regionaal/lokaal	\N	\N
MMKB08:000113650:mpeg21:a0023	1913	Delftsche courant	DELFTSCHE COURANT van Woensdag 26 Februari 1913 72e Jaargang. No. 48. Tweede Blad. BRIEVEN UIT PARIJS.	artikel	0.9375	nl	06_Hunt_economical	\N	Regionaal/lokaal	\N	\N
MMKB08:000116226:mpeg21:a0002	1877	Delftsche courant	Binnenlandsche Berigten. DELFT, 14 Augustus 1877.	artikel	0.9468123861566484	nl	06_Hunt_economical	\N	Regionaal/lokaal	\N	\N
MMKB08:000116797:mpeg21:a0001	1872	Delftsche courant	Buitenlandsch Overzigt.	artikel	0.9500342231348392	nl	06_Hunt_economical	\N	Regionaal/lokaal	\N	\N
MMKB08:000117894:mpeg21:a0001	1911	Delftsche courant	Dit nommer bestaat uit TWEE Bladen. Eerste Blad. ENGELSCHE BRIEVEN. Londen, 4 October 1911. Uit Engelands rechtspleging.	artikel	0.9637742207245156	nl	06_Hunt_economical	\N	Regionaal/lokaal	\N	\N
MMKB08:000118011:mpeg21:a0001	1882	Delftsche courant	Binnenlandsche Berichten. DELFT, 16 October 1882.	artikel	0.9464454976303317	nl	06_Hunt_economical	\N	Regionaal/lokaal	\N	\N
MMKB08:000120002:mpeg21:a0038	1903	Delftsche courant	Het ceremonieel der Pauselijke kroning	artikel	0.8395209580838323	nl	06_Hunt_economical	\N	Regionaal/lokaal	\N	\N
MMKB08:000127100:mpeg21:a0019	1914	De Preanger-bode	Het dokument van Fabre.	artikel	0.9212792127921279	nl	06_Hunt_economical	\N	Nederlands-Indië / Indonesië	\N	\N
MMKB08:000137543:mpeg21:a0014	1907	Delftsche courant	Tweede Blad. PARUSCHE KRONIEK.	artikel	0.9641097818437719	nl	06_Hunt_economical	\N	Regionaal/lokaal	\N	\N
MMKB08:000129773:mpeg21:a0008	1918	De Preanger-bode	TELEGRAMMEN Reuterdienst, Speciale en Extra oorlogstelegrammen van de Preangerbode. Van het Westfront.	artikel	0.9179452968645764	nl	06_Hunt_economical	\N	Nederlands-Indië / Indonesië	\N	\N
MMKB08:000139804:mpeg21:a0004	1888	Delftsche courant	Binnenlandsche Berichten. DELFT, 13 Maart 1888 Eerste Kamer.	artikel	0.9289548468582255	nl	06_Hunt_economical	\N	Regionaal/lokaal	\N	\N
MMKB08:000142256:mpeg21:a0013	1885	Nederlandsche staatscourant	No. 7. AANKONDIGING van de beschrijving en afbeelding van handels- en fabrieksmerken, van welker inzending ter griffie van de arrondissements-rechtbanken aanteekening is gehouden, krachtens de wet van 25 Mei 1880 (Staatsblad no. 85). 2352.	artikel	0.9043993231810491	nl	06_Hunt_economical	\N	Landelijk	\N	\N
MMKB08:000188279:mpeg21:a0068	1906	Verzameling van verslagen en rapporten behoorende bij de Nederlandsche Staatscourant	Ter vertaling in het Fransch. (3½ uur.)	artikel	0.9425	nl	06_Hunt_economical	\N	Landelijk	\N	\N
MMRANM02:000008890:mpeg21:a0030	1907	Provinciale Geldersche en Nijmeegsche courant	Rubriek voor Vrouwen.	artikel	0.9304461942257218	nl	06_Hunt_economical	\N	Regionaal/lokaal	\N	\N
MMRANM02:000014576:mpeg21:a0034	1911	Provinciale Geldersche en Nijmeegsche courant	ALGEMEEN OVERZICHT. ENGELAND.	artikel	0.9538002980625931	nl	06_Hunt_economical	\N	Regionaal/lokaal	\N	\N
MMRANM02:000015971:mpeg21:a0031	1913	Provinciale Geldersche en Nijmeegsche courant	TWEEDE BLAD. Buitenland. ALGEMEEN OVERZICHT. PRUISEN.	artikel	0.9430939226519337	nl	06_Hunt_economical	\N	Regionaal/lokaal	\N	\N
MMRANM02:000023661:mpeg21:a0027	1923	Provinciale Geldersche en Nijmeegsche courant	Advertentie	advertentie	0.8703071672354948	nl	06_Hunt_economical	\N	Regionaal/lokaal	\N	\N
MMRANM02:000024961:mpeg21:a0002	1926	Provinciale Geldersche en Nijmeegsche courant	Binnenland. Telegrafisch Weerbericht.	artikel	0.9565695437053326	nl	06_Hunt_economical	\N	Regionaal/lokaal	\N	\N
MMRANM02:000034769:mpeg21:a0015	1939	Provinciale Geldersche en Nijmeegsche courant	STAD EN OMGEVING De Finsche tragedie EERSTE VERANTWOORDING	artikel	0.9420542153693111	nl	06_Hunt_economical	\N	Regionaal/lokaal	\N	\N
MMRANM02:000026402:mpeg21:a0006	1929	Provinciale Geldersche en Nijmeegsche courant	GELDERLAND. Overbrugging van den Rijn bij Arnhem.	artikel	0.9266304347826086	nl	05_Pest_control	\N	Regionaal/lokaal	\N	\N
MMRHCE01:000038056:mpeg21:a0038	1901	De Zuid-Willemsvaart	FEUILLETON. De Heilige Eik. Fantazie op historischen achtergrond geteekend. DOOR DR. AUG. SNIEDERS.	artikel	0.8851239669421488	nl	06_Hunt_economical	\N	Regionaal/lokaal	\N	\N
MMRHCE01:000039814:mpeg21:a0001	1888	De Zuid-Willemsvaart	Twee Keizers.	artikel	0.9576515880654476	nl	06_Hunt_economical	\N	Regionaal/lokaal	\N	\N
MMRHCE01:000040580:mpeg21:a0006	1895	De Zuid-Willemsvaart	FEUILLETON. In de wildernis.	artikel	0.9434582511505588	nl	05_Pest_control	\N	Regionaal/lokaal	\N	\N
MMRHCE01:000043215:mpeg21:a0009	1921	De Zuid-Willemsvaart	Gemengd Nieuws. DE ARBEIDSWET EN HET BROODBAKKERSBEDRIJF.	artikel	0.9486916367367881	nl	06_Hunt_economical	\N	Regionaal/lokaal	\N	\N
MMRHCE01:000046331:mpeg21:a0004	1907	De Zuid-Willemsvaart	Gemengd Nieuws. Nederland. Wijziging binnenlandsch briefport.	artikel	0.942986881937437	nl	06_Hunt_economical	\N	Regionaal/lokaal	\N	\N
MMRHCE01:000052035:mpeg21:a0007	1910	De Peel- en Kempenbode	BINNENLAND. H. M. de Koningin in de residentie.	artikel	0.912568306010929	nl	06_Hunt_economical	\N	Regionaal/lokaal	\N	\N
MMRHCE01:000056305:mpeg21:a0101	1931	Eindhovensch dagblad	611021. Rood wollen Jersey japon. Door	artikel	0.8813559322033898	nl	06_Hunt_economical	\N	Regionaal/lokaal	\N	\N
MMRHCE01:000058107:mpeg21:a0099	1929	Eindhovensch dagblad	EENIGE EIGENAARDIGE BIJZONDERHEDEN UIT DE WINTER-COLLECTIE VAN HET GROOTE PARIJSCHE MODEHUIS JENNY.	artikel	0.8773006134969326	nl	06_Hunt_economical	\N	Regionaal/lokaal	\N	\N
MMRHCE01:000058406:mpeg21:a0059	1931	Eindhovensch dagblad	Nieuwigheden uit Parijs FLUWEEL, SATIJN EN CREPE VOOR AVONDMANTELS.	artikel	0.9369369369369369	nl	06_Hunt_economical	\N	Regionaal/lokaal	\N	\N
MMSAB03:000066101:mpeg21:a0011	1931	Bredasche courant	FILM EN VARIÉTÉ GRAND THEATRE. De Vrouw uit Moskou. De heldhaftige lafaard.	artikel	0.9412484700122399	nl	06_Hunt_economical	\N	Regionaal/lokaal	\N	\N
MMRHCE01:000058810:mpeg21:a0003	1914	Eindhovensch dagblad	Na de keuze.	artikel	0.9292426755113322	nl	06_Hunt_economical	\N	Regionaal/lokaal	\N	\N
MMSADB01:000000962:mpeg21:a0001	1849	Provinciaal dagblad van Noord-Braband en 's Hertogenbossche stads-courant	NEDERLANDEN.	artikel	0.9128429790177542	nl	06_Hunt_economical	\N	Regionaal/lokaal	\N	\N
MMSADB01:000001004:mpeg21:a0001	1849	Provinciaal dagblad van Noord-Braband en 's Hertogenbossche stads-courant	NEDERLANDEN. 'sHERTOGENBOSCH, 4 October.	artikel	0.8745603751465416	nl	06_Hunt_economical	\N	Regionaal/lokaal	\N	\N
MMSADB01:000001087:mpeg21:a0002	1857	Provinciale Noordbrabantsche en 's Hertogenbossche courant	Buitenlandsche Berigten.	artikel	0.9260663507109005	nl	06_Hunt_economical	\N	Regionaal/lokaal	\N	\N
MMSADB01:000001149:mpeg21:a0003	1857	Provinciale Noordbrabantsche en 's Hertogenbossche courant	Buitenlandsche Berigten.	artikel	0.9428904428904429	nl	06_Hunt_economical	\N	Regionaal/lokaal	\N	\N
MMSADB01:000001254:mpeg21:a0004	1858	Provinciale Noordbrabantsche en 's Hertogenbossche courant	Buitenlandsche Berigten.	artikel	0.9323741007194245	nl	06_Hunt_economical	\N	Regionaal/lokaal	\N	\N
MMSADB01:000001954:mpeg21:a0028	1923	Provinciale Noordbrabantsche en 's Hertogenbossche courant	Engelsche Brieven. (Van onzen Londensoben correspondent.) (Nadruk verboden.)	artikel	0.9335418295543393	nl	06_Hunt_economical	\N	Regionaal/lokaal	\N	\N
MMSADB01:000002637:mpeg21:a0025	1922	Provinciale Noordbrabantsche en 's Hertogenbossche courant	HISTORISCHE ANECDOTEN	artikel	0.9378486055776892	nl	06_Hunt_economical	\N	Regionaal/lokaal	\N	\N
MMSADB01:000003102:mpeg21:a0011	1923	Provinciale Noordbrabantsche en 's Hertogenbossche courant	Vervolg Binnenland.	artikel	0.9124587069372345	nl	06_Hunt_economical	\N	Regionaal/lokaal	\N	\N
MMSADB01:000003503:mpeg21:a0004	1856	Provinciale Noordbrabantsche en 's Hertogenbossche courant	Buitenlandsche Berigten.	artikel	0.9348851840201321	nl	06_Hunt_economical	\N	Regionaal/lokaal	\N	\N
MMSADB01:000007007:mpeg21:a0002	1863	Provinciale Noordbrabantsche en 's Hertogenbossche courant	Buitenlandsche Berigten.	artikel	0.9392744479495269	nl	06_Hunt_economical	\N	Regionaal/lokaal	\N	\N
MMSADB01:000007863:mpeg21:a0051	1911	Provinciale Noordbrabantsche en 's Hertogenbossche courant	Buitenland	artikel	0.9429373246024322	nl	06_Hunt_economical	\N	Regionaal/lokaal	\N	\N
MMSADB01:000008032:mpeg21:a0021	1870	Provinciale Noordbrabantsche en 's Hertogenbossche courant	Buitenland.	artikel	0.961965811965812	nl	06_Hunt_economical	\N	Regionaal/lokaal	\N	\N
MMSADB01:000008503:mpeg21:a0028	1879	Provinciale Noordbrabantsche en 's Hertogenbossche courant	De Zangvereeniging.	artikel	0.9491111885674451	nl	06_Hunt_economical	\N	Regionaal/lokaal	\N	\N
MMSADB01:000011882:mpeg21:a0002	1901	Provinciale Noordbrabantsche en 's Hertogenbossche courant	Binnenland.	artikel	0.9417582417582417	nl	06_Hunt_economical	\N	Regionaal/lokaal	\N	\N
MMSADB01:000012735:mpeg21:a0010	1904	Provinciale Noordbrabantsche en 's Hertogenbossche courant	Licht-optocht.	artikel	0.9295580110497238	nl	06_Hunt_economical	\N	Regionaal/lokaal	\N	\N
MMSADB01:000013769:mpeg21:a0065	1928	Provinciale Noordbrabantsche en 's Hertogenbossche courant	LANDBOUW.	artikel	0.9584664536741214	nl	06_Hunt_economical	\N	Regionaal/lokaal	\N	\N
ddd:000017838:mpeg21:a0002	1872	Het nieuws van den dag : kleine courant	Naar Frohsdorf. FEUILLETON.	artikel	0.8571428571428571	nl	06_Hunt_economical	\N	Regionaal/lokaal	\N	\N
ddd:010015603:mpeg21:a0067	1934	Het Vaderland : staat- en letterkundig nieuwsblad	De Soiree in Hotel des Indes  Met de mode van Maison Worth.	artikel	0.9344632768361582	nl	06_Hunt_economical	\N	Landelijk	\N	\N
ddd:010016725:mpeg21:a0255	1936	Het Vaderland : staat- en letterkundig nieuwsblad	Mariene Dietrich te Londen	artikel	0.8429629629629629	nl	06_Hunt_economical	\N	Landelijk	\N	\N
ddd:010016938:mpeg21:a0194	1936	Het Vaderland : staat- en letterkundig nieuwsblad	Residentienieuws SINTERKLAAS OP KUKDUIN.	artikel	0.9309309309309309	nl	06_Hunt_economical	\N	Landelijk	\N	\N
MMSADB01:000019572:mpeg21:a0004	1894	Provinciale Noordbrabantsche en 's Hertogenbossche courant	Buitenland. BELGIE.	artikel	0.9469606674612634	nl	06_Hunt_economical	\N	Regionaal/lokaal	\N	\N
MMSADB01:000019648:mpeg21:a0001	1895	Provinciale Noordbrabantsche en 's Hertogenbossche courant	Dit Nommer bestaat uit TWEE Bladen. Eerste Blad. Binnenland. 's-Hertogenbosch, 5 November.	artikel	0.9445479962721341	nl	05_Pest_control	\N	Regionaal/lokaal	\N	\N
MMSADB01:000024576:mpeg21:a0037	1897	Provinciale Noordbrabantsche en 's Hertogenbossche courant	INGEZONDEN STUKKEN.	artikel	0.933993399339934	nl	06_Hunt_economical	\N	Regionaal/lokaal	\N	\N
MMSAEN01:000043843:mpeg21:a0054	1913	Tubantia	Huwelijksgeschenken.	familiebericht	0.9320987654320988	nl	06_Hunt_economical	\N	Regionaal/lokaal	\N	\N
MMSAEN01:000057048:mpeg21:a0005	1908	Tubantia	Binnenland.	artikel	0.9030206677265501	nl	06_Hunt_economical	\N	Regionaal/lokaal	\N	\N
MMVEEN01:000082473:mpeg21:a0084	1935	De Noord-Ooster	GEMENGDE BERICHTEN. Voorloopige weerverbeteringen.	artikel	0.9510763209393346	nl	06_Hunt_economical	\N	Regionaal/lokaal	\N	\N
MMVEEN01:000080905:mpeg21:a0141	1927	De Noord-Ooster	De Lotgevallen van Snuffelgraag en Knagelijntje. Een Muizenhistorie. 119	artikel	0.9080459770114943	nl	09_Figurative	literature	Regionaal/lokaal	\N	\N
ddd:010048021:mpeg21:a0010	1826	Nederlandsche staatscourant	FRANKRIJK. Parys, den 28 Maart.	artikel	0.8497854077253219	nl	06_Hunt_economical	\N	Landelijk	\N	\N
ddd:010048043:mpeg21:a0009	1826	Nederlandsche staatscourant	KONSTANTINOPEL, den 28 Maart.	artikel	0.863716814159292	nl	06_Hunt_economical	\N	Landelijk	\N	\N
ddd:010048636:mpeg21:a0006	1825	Nederlandsche staatscourant	FRANKRIJK. Parys, den 24 Mei.	artikel	0.9106382978723404	nl	06_Hunt_economical	\N	Landelijk	\N	\N
ddd:010049157:mpeg21:a0003	1824	Nederlandsche staatscourant	TURKYE. KONSTANTINOPEL, den 9 Julij.	artikel	0.9029126213592233	nl	06_Hunt_economical	\N	Landelijk	\N	\N
ddd:010052243:mpeg21:a0002	1816	Nederlandsche staatscourant	BUITENLANDSCHE BERIGTEN. TURKIJE. Konstantinopel, den 10 Februarij.	artikel	0.8785714285714286	nl	06_Hunt_economical	\N	Landelijk	\N	\N
ddd:010057467:mpeg21:a0004	1833	Nederlandsche staatscourant	GRIEKENLAND.	artikel	0.769589552238806	nl	06_Hunt_economical	\N	Landelijk	\N	\N
ddd:010059982:mpeg21:a0005	1849	Dagblad van 's Gravenhage	NEDERLANDEN.	artikel	0.8920086393088553	nl	06_Hunt_economical	\N	Regionaal/lokaal	\N	\N
ddd:010061557:mpeg21:a0008	1878	Het nieuws van den dag : kleine courant	Een Vorstelijk uitzet.	artikel	0.9339622641509434	nl	06_Hunt_economical	\N	Regionaal/lokaal	\N	\N
ddd:010062079:mpeg21:a0002	1875	Het nieuws van den dag : kleine courant	FEUILLETON. ONDER EEN DAK. Novelle van BERTHA AUGUSTI.	artikel	0.929724596391263	nl	06_Hunt_economical	\N	Regionaal/lokaal	\N	\N
ddd:010062454:mpeg21:a0008	1876	Het nieuws van den dag : kleine courant	ENGELSCHE SCHETSEN.  DOOR  Ed. ROOZE. De opening van het Engelsche  Parlement.	artikel	0.9249183895538629	nl	06_Hunt_economical	\N	Regionaal/lokaal	\N	\N
ddd:010065779:mpeg21:a0003	1838	Nederlandsche staatscourant	HOOFDSTUK II.	artikel	0.9177579884756417	nl	06_Hunt_economical	\N	Landelijk	\N	\N
ddd:010067435:mpeg21:a0008	1849	De Nederlander : nieuwe Utrechtsche courant : (staatkundig- nieuws-, handels- en advertentie-blad) / onder red. van J. van Hall	Utrecht, 3 October. BINNENLANDSCHE NIEUWSTIJDINGEN.	artikel	0.9427464485578992	nl	06_Hunt_economical	\N	Regionaal/lokaal	\N	\N
ddd:010071302:mpeg21:a0004	1838	Algemeen Handelsblad	BINNENLAND.	artikel	0.8828433523475209	nl	06_Hunt_economical	\N	Landelijk	\N	\N
ddd:010072212:mpeg21:a0019	1841	Algemeen Handelsblad	Advertentie	advertentie	0.7899408284023669	nl	06_Hunt_economical	\N	Landelijk	\N	\N
ddd:010072523:mpeg21:a0003	1842	Algemeen Handelsblad	BINNENLAND.	artikel	0.9013333333333333	nl	06_Hunt_economical	\N	Landelijk	\N	\N
ddd:010075271:mpeg21:a0002	1846	Algemeen Handelsblad	Duitsche Post.	artikel	0.8878378378378379	nl	06_Hunt_economical	\N	Landelijk	\N	\N
ddd:010081172:mpeg21:a0004	1849	Nieuwe Rotterdamsche courant : staats-, handels-, nieuws- en advertentieblad	Fransche post.	artikel	0.8843069873997709	nl	06_Hunt_economical	\N	Landelijk	\N	\N
ddd:010081314:mpeg21:a0017	1849	De Noord-Brabanter : staat- en letterkundig dagblad	DE INHULDIGING DES KONINGS  te Amsterdam, op Zaturdag 12 Mei.	artikel	0.945321992709599	nl	06_Hunt_economical	\N	Regionaal/lokaal	\N	\N
ddd:010081467:mpeg21:a0003	1848	Nieuwe Rotterdamsche courant : staats-, handels-, nieuws- en advertentieblad	Duitsche Post.	artikel	0.8829545454545454	nl	06_Hunt_economical	\N	Landelijk	\N	\N
ddd:010087878:mpeg21:a0051	1859	Algemeen Handelsblad	XIV. Verveening, Jagt en Visscherij.	artikel	0.8474426807760141	nl	05_Pest_control	\N	Landelijk	\N	\N
ddd:010092419:mpeg21:a0069	1896	Het nieuws van den dag : kleine courant	Uit Moscou.	artikel	0.9613095238095238	nl	06_Hunt_economical	\N	Regionaal/lokaal	\N	\N
ddd:010098807:mpeg21:a0014	1874	Algemeen Handelsblad	DE OPENING VAN DEN STADSCHOUWBURG.	artikel	0.9085271317829458	nl	06_Hunt_economical	\N	Landelijk	\N	\N
ddd:010100711:mpeg21:a0008	1874	Algemeen Handelsblad	DINER IN HET PALEIS VOOR VOLKSVLIJT.	artikel	0.9293193717277487	nl	06_Hunt_economical	\N	Landelijk	\N	\N
ddd:010102057:mpeg21:a0045	1879	Algemeen Handelsblad	AMSTERDAM, Vrijdag 3 Januari.	artikel	0.7667103538663171	nl	06_Hunt_economical	\N	Landelijk	\N	\N
ddd:010102062:mpeg21:a0004	1879	Algemeen Handelsblad	HET HUWELIJK VAN Z. M. DEN KONING.	artikel	0.7870036101083032	nl	06_Hunt_economical	\N	Landelijk	\N	\N
ddd:010108374:mpeg21:a0064	1909	Het nieuws van den dag : kleine courant	Rijp voor Amerika.	artikel	0.9472477064220184	nl	06_Hunt_economical	\N	Regionaal/lokaal	\N	\N
ddd:010112396:mpeg21:a0003	1857	Nieuwe Rotterdamsche courant : staats-, handels-, nieuws- en advertentieblad	BUITENLAND. Engelsche Post.	artikel	0.9164334266293482	nl	06_Hunt_economical	\N	Landelijk	\N	\N
ddd:010114430:mpeg21:a0003	1860	Nieuwe Rotterdamsche courant : staats-, handels-, nieuws- en advertentieblad	Fransche Post.	artikel	0.9163461538461538	nl	06_Hunt_economical	\N	Landelijk	\N	\N
ddd:010117330:mpeg21:a0020	1869	Nieuwe Rotterdamsche courant : staats-, handels-, nieuws- en advertentieblad	De verwonderingwekkende Hermelijn.	artikel	0.9153952843273232	nl	01_Natural_history	\N	Landelijk	\N	\N
ddd:010119495:mpeg21:a0006	1838	Overĳsselsche courant	Zwolle, den 27sten September.	artikel	0.8390022675736961	nl	06_Hunt_economical	\N	Regionaal/lokaal	\N	\N
ddd:010124954:mpeg21:a0003	1824	's Gravenhaagsche courant	TURKIJE.	artikel	0.8360071301247772	nl	06_Hunt_economical	\N	Regionaal/lokaal	\N	\N
ddd:010125086:mpeg21:a0003	1825	's Gravenhaagsche courant	PRUISSEN.	artikel	0.9006024096385542	nl	06_Hunt_economical	\N	Regionaal/lokaal	\N	\N
ddd:010126238:mpeg21:a0004	1899	Het nieuws van den dag : kleine courant	Twee processen.	artikel	0.8948521358159912	nl	06_Hunt_economical	\N	Regionaal/lokaal	\N	\N
ddd:010127332:mpeg21:a0147	1896	Algemeen Handelsblad	De Sultan en zijn omgeving.	artikel	0.945927446954141	nl	06_Hunt_economical	\N	Landelijk	\N	\N
ddd:010129427:mpeg21:a0011	1887	Algemeen Handelsblad	ALLERLEI.	artikel	0.8863109048723898	nl	05_Pest_control	\N	Landelijk	\N	\N
ddd:010130423:mpeg21:a0003	1858	Nieuw Amsterdamsch handels- en effectenblad	Engeland.	artikel	0.9541984732824428	nl	06_Hunt_economical	\N	Landelijk	\N	\N
ddd:010657136:mpeg21:a0003	1923	Algemeen Handelsblad	In de Nieuwe Kerk.	artikel	0.9506024096385542	nl	06_Hunt_economical	\N	Landelijk	\N	\N
ddd:010132176:mpeg21:a0020	1862	Nieuw Amsterdamsch handels- en effectenblad	RIP TAN WINKLE. SCHERZO  IH VEBSCHrLLINDE TOONSOOBTÏÏT, ZOOWBL DUBI ALS MOLLES  Tan Mr. WILLIAM TEW HOET.	artikel	0.8730758844180394	nl	06_Hunt_economical	\N	Landelijk	\N	\N
ddd:010140773:mpeg21:a0012	1868	Algemeen Handelsblad	FRANSCHE BRIEVEN. PARIJS, 8 Mei 1868.  EERSTE BEZOEK AAN DE TENTOONSTELLING VAN SCHILDERIJEN.	artikel	0.948892674616695	nl	06_Hunt_economical	\N	Landelijk	\N	\N
ddd:010134487:mpeg21:a0094	1906	Het nieuws van den dag voor Nederlandsch-Indië	Brieven van Montmartre,	artikel	0.888079125455492	nl	06_Hunt_economical	\N	Nederlands-Indië / Indonesië	\N	\N
ddd:010141069:mpeg21:a0013	1868	Algemeen Handelsblad	DE JAGT IN HET GOUVERNEMENT ARCHANGEL.	artikel	0.9565846599131693	nl	06_Hunt_economical	\N	Landelijk	\N	\N
ddd:010149323:mpeg21:a0003	1828	Arnhemsche courant	PARYS , den 8. Februarij.	artikel	0.8931297709923665	nl	06_Hunt_economical	\N	Regionaal/lokaal	\N	\N
ddd:010150913:mpeg21:a0009	1841	Arnhemsche courant	Bruiloftsfeest van een' keizerlijken prins.	artikel	0.8401453224341507	nl	06_Hunt_economical	\N	Regionaal/lokaal	\N	\N
ddd:010152351:mpeg21:a0002	1846	Bredasche courant	DUITSCHLAND. FRANKFORT, den 22sten Julij.	artikel	0.8895966029723992	nl	06_Hunt_economical	\N	Regionaal/lokaal	\N	\N
ddd:010162385:mpeg21:a0044	1898	Algemeen Handelsblad	Advertentie	advertentie	0.7283950617283951	nl	06_Hunt_economical	\N	Landelijk	\N	\N
ddd:010164356:mpeg21:a0156	1907	Het nieuws van den dag : kleine courant	Het Tooneel te Parijs.	artikel	0.933931484502447	nl	06_Hunt_economical	\N	Regionaal/lokaal	\N	\N
ddd:010165633:mpeg21:a0066	1883	Algemeen Handelsblad	Luremburg.	artikel	0.9240196078431373	nl	06_Hunt_economical	\N	Landelijk	\N	\N
ddd:010165713:mpeg21:a0058	1883	Algemeen Handelsblad	Achtste Tentoonstelling VAN TEEKENINGEN  DOOR DE HOLLANDSCHE TEEKEN-MAATSCHAPPIJ TE 'S-FRAVENHAGE.	artikel	0.9334650856389987	nl	06_Hunt_economical	\N	Landelijk	\N	\N
ddd:010165861:mpeg21:a0008	1883	Algemeen Handelsblad	Landbouw.	artikel	0.8810572687224669	nl	06_Hunt_economical	\N	Landelijk	\N	\N
ddd:010209931:mpeg21:a0013	1847	Arnhemsche courant	Ingezonden stukken.	artikel	0.8515151515151516	nl	06_Hunt_economical	\N	Regionaal/lokaal	\N	\N
ddd:010187157:mpeg21:a0014	1879	Tilburgsche courant	BINNENLAND.	artikel	0.9321980447808262	nl	06_Hunt_economical	\N	Regionaal/lokaal	\N	\N
ddd:010188294:mpeg21:a0012	1889	Tilburgsche courant	België.	artikel	0.9166666666666666	nl	06_Hunt_economical	\N	Regionaal/lokaal	\N	\N
ddd:010189552:mpeg21:a0002	1908	Tilburgsche courant	FEUILLETON van de „Tilburgsch Courant.&quot; De Wafelbakker I. EEN SLECHT VOORTEEKEN.	artikel	0.9133510167992926	nl	06_Hunt_economical	\N	Regionaal/lokaal	\N	\N
ddd:010234381:mpeg21:a0061	1925	Nieuwe Tilburgsche Courant	XXV. DE ZIEKE KEIZER.	artikel	0.9314750290360047	nl	06_Hunt_economical	\N	Regionaal/lokaal	\N	\N
ddd:010241777:mpeg21:a0003	1838	Bredasche courant	Nederlanden. Breda, den 21sten September.	artikel	0.8681241184767278	nl	06_Hunt_economical	\N	Regionaal/lokaal	\N	\N
ddd:010244225:mpeg21:a0003	1841	Bredasche courant	GYMNASIUM BREDANUM. GUILIELMO SECUNDO, CARISSIMO NEERLANDORUM RECI, ARTIUM, DOCTRINARUMQUE PATRONO, VINDICI,	artikel	0.8684394681595521	nl	06_Hunt_economical	\N	Regionaal/lokaal	\N	\N
ddd:010245935:mpeg21:a0001	1855	De grondwet	Het Ontwerp van Wet	artikel	0.9308621407746772	nl	06_Hunt_economical	\N	Landelijk	\N	\N
ddd:010246191:mpeg21:a0004	1838	De avondbode : algemeen nieuwsblad voor staatkunde, handel, nijverheid, landbouw, kunsten, wetenschappen, enz. / door Ch.G. Withuys	ENGELAND.	artikel	0.9260344196265105	nl	06_Hunt_economical	\N	onbekend	\N	\N
ddd:010246438:mpeg21:a0001	1839	De avondbode : algemeen nieuwsblad voor staatkunde, handel, nijverheid, landbouw, kunsten, wetenschappen, enz. / door Ch.G. Withuys	EXTRACT uit den AVONDBODE vak ben 13 April.	artikel	0.9055844770468529	nl	06_Hunt_economical	\N	Landelijk	\N	\N
ddd:010246913:mpeg21:a0002	1840	De avondbode : algemeen nieuwsblad voor staatkunde, handel, nijverheid, landbouw, kunsten, wetenschappen, enz. / door Ch.G. Withuys	MENGELWERK. HET LIED VAN BLONDEL.	artikel	0.8470964304741609	nl	06_Hunt_economical	\N	Landelijk	\N	\N
ddd:010253025:mpeg21:a0004	1858	De Tĳd : godsdienstig-staatkundig dagblad	DUITSCHLAND.	artikel	0.945127719962157	nl	06_Hunt_economical	\N	Landelijk	\N	\N
ddd:010253477:mpeg21:a0004	1864	De Tĳd : godsdienstig-staatkundig dagblad	DUITSCHLAND.	artikel	0.9502118644067796	nl	06_Hunt_economical	\N	Landelijk	\N	\N
ddd:010265428:mpeg21:a0004	1879	De Tĳd : godsdienstig-staatkundig dagblad	Verscheidenheden.	artikel	0.9479606188466948	nl	06_Hunt_economical	\N	Landelijk	\N	\N
ddd:010269305:mpeg21:a0002	1825	Middelburgsche courant	DE NIEUWE VRIJSTAD.	artikel	0.918918918918919	nl	06_Hunt_economical	\N	Regionaal/lokaal	\N	\N
ddd:010274630:mpeg21:a0011	1866	Middelburgsche courant	Buitenland. Algemeen overzicht.	artikel	0.9583333333333334	nl	06_Hunt_economical	\N	Regionaal/lokaal	\N	\N
ddd:010275855:mpeg21:a0006	1849	Middelburgsche courant	De inhuldiging des Konings te Amsterdam. OP ZATURDAG 12 MEI.	artikel	0.9291044776119403	nl	06_Hunt_economical	\N	Regionaal/lokaal	\N	\N
ddd:010279156:mpeg21:a0292	1929	De Indische courant	Kerstgebruiken in den Vreemde.	artikel	0.9611992945326279	nl	06_Hunt_economical	\N	Nederlands-Indië / Indonesië	\N	\N
ddd:010284141:mpeg21:a0183	1931	De Indische courant	MODE-PRAATJE.	artikel	0.9536585365853658	nl	06_Hunt_economical	\N	Nederlands-Indië / Indonesië	\N	\N
ddd:010335529:mpeg21:a0110	1906	Algemeen Handelsblad	Markies Mephistofeles. Roman van E. Phillips Oppenheim.	artikel	0.9156272927366104	nl	06_Hunt_economical	\N	Landelijk	\N	\N
ddd:010285926:mpeg21:a0017	1937	De Indische courant	Ons Prinselijk Paar.	artikel	0.9104477611940298	nl	06_Hunt_economical	\N	Nederlands-Indië / Indonesië	\N	\N
ddd:010340621:mpeg21:a0003	1912	Algemeen Handelsblad	Een portret van de Koningin.	artikel	0.923728813559322	nl	06_Hunt_economical	\N	Landelijk	\N	\N
ddd:010341102:mpeg21:a0016	1911	Suriname : koloniaal nieuws- en advertentieblad	BUITENLAND. Engeland. De Kroning van Koning George. De dienst.	artikel	0.968886728245017	nl	06_Hunt_economical	\N	Suriname	\N	\N
ddd:010384956:mpeg21:a0007	1890	De Tĳd : godsdienstig-staatkundig dagblad	KERKNIEUWS.	artikel	0.930776426566885	nl	06_Hunt_economical	\N	Landelijk	\N	\N
ddd:010406243:mpeg21:a0078	1920	De Tĳd : godsdienstig-staatkundig dagblad	GEMENGD NIEUWS	artikel	0.8625678119349005	nl	06_Hunt_economical	\N	Landelijk	\N	\N
ddd:010647354:mpeg21:a0187	1904	Algemeen Handelsblad	Engeland. De opening van ’t Parlement.	artikel	0.9270664505672609	nl	06_Hunt_economical	\N	Landelijk	\N	\N
ddd:010494153:mpeg21:a0182	1920	Rotterdamsch nieuwsblad	Stadsnieuws. Een kleed voor de Raadszaal.	artikel	0.8499554764024934	nl	06_Hunt_economical	\N	Regionaal/lokaal	\N	\N
ddd:010494408:mpeg21:a0198	1922	Rotterdamsch nieuwsblad	Binnenland.	artikel	0.8675213675213675	nl	02_Nuisance_material	\N	Regionaal/lokaal	\N	\N
ddd:010495260:mpeg21:a0225	1926	Rotterdamsch nieuwsblad	De bontdracht	artikel	0.8916666666666667	nl	06_Hunt_economical	\N	Regionaal/lokaal	\N	\N
ddd:010502730:mpeg21:a0002	1841	Javasche courant	INOFFICIEEL GEDEELTE. EUROPESCHE BERIGTEN. NEDERLAND. ’sGARENHAGE, 18 Frbruaij.	artikel	0.8990990990990991	nl	06_Hunt_economical	\N	Nederlands-Indië / Indonesië	\N	\N
ddd:010502775:mpeg21:a0031	1841	Javasche courant	MENGELINGEN. BRUILOFTS-FEEST VAN EEN' KEIZERLIJKEN PRINS.	artikel	0.89	nl	06_Hunt_economical	\N	Nederlands-Indië / Indonesië	\N	\N
ddd:010504011:mpeg21:a0003	1838	Javasche courant	MENGELINGEN. Krooning van de Koninginnen van Engeland	artikel	0.902489019033675	nl	06_Hunt_economical	\N	Nederlands-Indië / Indonesië	\N	\N
ddd:010504012:mpeg21:a0002	1838	Javasche courant	INOFFICIEEL GEDEELTE. MENGELINGEN. Krooning van de Koninginnen van Engeland.	artikel	0.9183147033533964	nl	06_Hunt_economical	\N	Nederlands-Indië / Indonesië	\N	\N
ddd:010507827:mpeg21:a0027	1884	Java-bode : nieuws, handels- en advertentieblad voor Nederlandsch-Indie	VARIA.	artikel	0.956745623069001	nl	05_Pest_control	\N	Nederlands-Indië / Indonesië	\N	\N
ddd:010514766:mpeg21:a0004	1838	Opregte Haarlemsche Courant	NEDERLANDEN.	artikel	0.8924815983175605	nl	06_Hunt_economical	\N	Regionaal/lokaal	\N	\N
ddd:010521639:mpeg21:a0005	1845	Opregte Haarlemsche Courant	NEDERLANDEN.	artikel	0.9541764859910972	nl	06_Hunt_economical	\N	Regionaal/lokaal	\N	\N
ddd:010528002:mpeg21:a0094	1928	De Tĳd : godsdienstig-staatkundig dagblad	HET BRITSCHE RIJK. Lord Braye †.	artikel	0.9379699248120301	nl	06_Hunt_economical	\N	Landelijk	\N	\N
ddd:010529582:mpeg21:a0084	1920	De Tĳd : godsdienstig-staatkundig dagblad	BUITENLAND. GEMENGDE BERICHTEN De fe sten ter eere van den H. Hieronymus.	artikel	0.8383620689655172	nl	06_Hunt_economical	\N	Landelijk	\N	\N
ddd:010532275:mpeg21:a0147	1929	De Tĳd : godsdienstig-staatkundig dagblad	Collecten en milddadigheid.	artikel	0.9033280507131537	nl	06_Hunt_economical	\N	Landelijk	\N	\N
ddd:010540470:mpeg21:a0116	1938	De Tĳd : godsdienstig-staatkundig dagblad	KERSTVERTELLING Hij kwam terug...	artikel	0.9280847842543528	nl	06_Hunt_economical	\N	Landelijk	\N	\N
ddd:010546550:mpeg21:a0019	1898	De Tĳd : godsdienstig-staatkundig dagblad	LAATSTE BERICHTEN. DE FEESTVIERING TE 'S-GRAVENHAGE.	artikel	0.922752808988764	nl	06_Hunt_economical	\N	Landelijk	\N	\N
ddd:010580224:mpeg21:a0001	1816	Leeuwarder courant	PETERSBURG, den 27 Januarij	artikel	0.8629737609329446	nl	06_Hunt_economical	\N	Regionaal/lokaal	\N	\N
ddd:010581213:mpeg21:a0005	1825	Leeuwarder courant	FRANKRIJK. PARYS, den 6 mei.	artikel	0.8755020080321285	nl	06_Hunt_economical	\N	Regionaal/lokaal	\N	\N
ddd:010581921:mpeg21:a0003	1832	Leeuwarder courant	PRUISSEN.	artikel	0.7973568281938326	nl	05_Pest_control	\N	Regionaal/lokaal	\N	\N
ddd:010582585:mpeg21:a0028	1838	Leeuwarder courant	ENGELAND.	artikel	0.9367296631059984	nl	06_Hunt_economical	\N	Regionaal/lokaal	\N	\N
ddd:010582587:mpeg21:a0014	1838	Leeuwarder courant	ENGELAND.	artikel	0.9548229548229549	nl	06_Hunt_economical	\N	Regionaal/lokaal	\N	\N
ddd:010582604:mpeg21:a0015	1838	Leeuwarder courant	MENGELWERK. JUSTUS van EFFEN.	artikel	0.9468367889420521	nl	06_Hunt_economical	\N	Regionaal/lokaal	\N	\N
ddd:010583236:mpeg21:a0002	1844	Leeuwarder courant	Advertentie	advertentie	0.7079037800687286	nl	06_Hunt_economical	\N	Regionaal/lokaal	\N	\N
ddd:010583249:mpeg21:a0031	1844	Leeuwarder courant	PELTERIJEN, KLEEDERMAKERSWERK, DOEDENFABRIJKAAT EN MODE-ARTIKELEN.	artikel	0.8518518518518519	nl	06_Hunt_economical	\N	Regionaal/lokaal	\N	\N
ddd:010586807:mpeg21:a0101	1875	Leeuwarder courant	— Geheel overeenkomstig het gevoelen van	artikel	0.6377551020408163	nl	06_Hunt_economical	\N	Regionaal/lokaal	\N	\N
ddd:010599163:mpeg21:a0077	1911	Leeuwarder courant	ENGELSCHE BRIEVEN. Londen, 12 Juni.	artikel	0.9446494464944649	nl	06_Hunt_economical	\N	Regionaal/lokaal	\N	\N
ddd:010635348:mpeg21:a0060	1911	Middelburgsche courant	Middelburg 15 Juni. Engelsche Brieven.	artikel	0.9200896191187453	nl	06_Hunt_economical	\N	Regionaal/lokaal	\N	\N
ddd:010648835:mpeg21:a0101	1903	Algemeen Handelsblad	Een „Herfst-Salon” met schilderijen van Joseph Israëls.	artikel	0.9040852575488455	nl	06_Hunt_economical	\N	Landelijk	\N	\N
ddd:010648970:mpeg21:a0008	1905	Algemeen Handelsblad	Buitenlandsche Kroniek.	artikel	0.9473684210526315	nl	06_Hunt_economical	\N	Landelijk	\N	\N
ddd:010671565:mpeg21:a0002	1838	Nieuwe Surinaamsche courant	Buitenlandsche Nieuwstijdingen. Extracten uit de NEDERLANDSCHE COURANTEN, tot en met den 4den October 1838. Nederlanden. Amsterdam, 21 September.	artikel	0.8381294964028777	nl	06_Hunt_economical	\N	Suriname	\N	\N
ddd:010674596:mpeg21:a0342	1933	Nieuwsblad van het Noorden	KLEIN FEUILLETON DE JEUGD VAN WILLEM III 1) door G.BRUGMANS. (Nadruk verboden.) Al isser ons Prinsje noch so cleyn....	artikel	0.9551451187335093	nl	06_Hunt_economical	\N	Regionaal/lokaal	\N	\N
ddd:010733266:mpeg21:a0095	1916	Nieuwsblad van Friesland : Hepkema's courant	TEGENSLAG?	artikel	0.9310344827586207	nl	06_Hunt_economical	\N	Regionaal/lokaal	\N	\N
ddd:010744331:mpeg21:a0226	1934	Leeuwarder nieuwsblad : goedkoop advertentieblad	Betty scheen het met haar eens en gaf haar den	artikel	0.9511111111111111	nl	06_Hunt_economical	\N	Regionaal/lokaal	\N	\N
ddd:010758077:mpeg21:a0007	1843	Vlissingsche courant	MENGELINGEN. De Schot in Parijs.	artikel	0.8314549180327869	nl	06_Hunt_economical	\N	Regionaal/lokaal	\N	\N
ddd:010758812:mpeg21:a0002	1848	Vlissingsche courant	DUITSCHLAND.	artikel	0.8571428571428571	nl	06_Hunt_economical	\N	Regionaal/lokaal	\N	\N
ddd:010758480:mpeg21:a0009	1845	Vlissingsche courant	MENGELINGEN. De Vorst.	artikel	0.9157509157509157	nl	06_Hunt_economical	\N	Regionaal/lokaal	\N	\N
ddd:010761397:mpeg21:a0235	1929	Nieuwsblad van Friesland : Hepkema's courant	Feuilleton CHICK. Uit het Engelsen, door EDGAR WALLACE.	artikel	0.9516616314199395	nl	06_Hunt_economical	\N	Regionaal/lokaal	\N	\N
ddd:010769412:mpeg21:a0007	1858	Utrechtsche provinciale en stads-courant : algemeen advertentieblad	BERLIJN, 9 Februarij.	artikel	0.938953488372093	nl	06_Hunt_economical	\N	Regionaal/lokaal	\N	\N
ddd:010771853:mpeg21:a0011	1838	Groninger courant	GROOT-BRITTANJE. LONDEN den 29 Junij.	artikel	0.8691296180338134	nl	06_Hunt_economical	\N	Regionaal/lokaal	\N	\N
ddd:010772265:mpeg21:a0019	1848	Groninger courant	FRANKFORT, 8 Januarij.	artikel	0.911731843575419	nl	06_Hunt_economical	\N	Regionaal/lokaal	\N	\N
ddd:010773469:mpeg21:a0006	1829	Groninger courant	TURKIJE. Konstantinopel den 1 October.	artikel	0.9032258064516129	nl	06_Hunt_economical	\N	Regionaal/lokaal	\N	\N
ddd:010775059:mpeg21:a0023	1867	Provinciale Drentsche en Asser courant	INGEZONDEN STUKKEN. UIT CANDIA. Tweede zitting van den Divan te Klein-Candia.	artikel	0.9115128449096099	nl	06_Hunt_economical	\N	Regionaal/lokaal	\N	\N
ddd:010780037:mpeg21:a0008	1854	Provinciale Drentsche en Asser courant	RUSLAND-TURKIJE.	artikel	0.8415300546448088	nl	06_Hunt_economical	\N	Regionaal/lokaal	\N	\N
ddd:010780125:mpeg21:a0019	1856	Provinciale Drentsche en Asser courant	INGEZONDEN STUKKEN. Een bezoek op de tentoonstellingen te Amsterdam.	artikel	0.9272445820433437	nl	06_Hunt_economical	\N	Regionaal/lokaal	\N	\N
ddd:010780426:mpeg21:a0010	1858	Provinciale Drentsche en Asser courant	OVERZIGT der Belangrijkste Gebeurtenissen.	artikel	0.8959608323133414	nl	06_Hunt_economical	\N	Regionaal/lokaal	\N	\N
ddd:010789621:mpeg21:a0001	1857	Nederlandsche staatscourant	NEDERLANDEN.	artikel	0.9516280525986224	nl	05_Pest_control	\N	Landelijk	\N	\N
ddd:010803360:mpeg21:a0002	1829	Utrechtsche courant	TURKIJE.	artikel	0.7290836653386454	nl	06_Hunt_economical	\N	Regionaal/lokaal	\N	\N
ddd:010803838:mpeg21:a0006	1840	Utrechtsche provinciale en stads-courant : algemeen advertentieblad	Inhuidiging des Konings.	artikel	0.8466587112171837	nl	06_Hunt_economical	\N	Regionaal/lokaal	\N	\N
ddd:010805205:mpeg21:a0017	1849	Utrechtsche provinciale en stads-courant : algemeen advertentieblad	UTRECHT 3 October.	artikel	0.9295454545454546	nl	06_Hunt_economical	\N	Regionaal/lokaal	\N	\N
ddd:010931045:mpeg21:a0005	1930	Limburgsch dagblad	HET VORSTELIJK HUWELIJK TE ROME	artikel	0.9249492900608519	nl	06_Hunt_economical	\N	Regionaal/lokaal	\N	\N
ddd:010805545:mpeg21:a0001	1869	Utrechtsch provinciaal en stedelĳk dagblad : algemeen advertentie-blad	UTRECHT, 18 November. Onthulling van het Monument voor 1813 te 'S GRAVENHAGE.	artikel	0.9181360201511335	nl	06_Hunt_economical	\N	Regionaal/lokaal	\N	\N
ddd:010805828:mpeg21:a0001	1867	Utrechtsch provinciaal en stedelĳk dagblad : algemeen advertentie-blad	UTRECHT, Zaturdag 25 Mei. Russisch-Amerika.	artikel	0.9349195241427571	nl	06_Hunt_economical	\N	Regionaal/lokaal	\N	\N
ddd:010873089:mpeg21:a0009	1869	Nieuw Israelietisch weekblad	BINNENLANDSCEE BERIGTEN. AMSTERDAM, 28 Januarij.	artikel	0.9300032862306934	nl	06_Hunt_economical	\N	Landelijk	\N	\N
ddd:010884546:mpeg21:a0029	1923	Nieuwsblad van het Noorden	Het bezoek van den Noorschen koning.	artikel	0.9463917525773196	nl	06_Hunt_economical	\N	Regionaal/lokaal	\N	\N
ddd:010890940:mpeg21:a0257	1904	Nieuwsblad van het Noorden	Sneeuwklokje.	artikel	0.9419889502762431	nl	06_Hunt_economical	\N	Regionaal/lokaal	\N	\N
ddd:010918365:mpeg21:a0002	1816	Leydse courant	RUSLAND.	artikel	0.6978131212723658	nl	06_Hunt_economical	\N	Regionaal/lokaal	\N	\N
ddd:010920238:mpeg21:a0004	1826	Leydse courant	DUITSCHLAND.	artikel	0.7437325905292479	nl	06_Hunt_economical	\N	Regionaal/lokaal	\N	\N
ddd:010920631:mpeg21:a0002	1829	Leydse courant	TURKYE.	artikel	0.7592067988668555	nl	06_Hunt_economical	\N	Regionaal/lokaal	\N	\N
ddd:010921952:mpeg21:a0001	1838	Leydse courant	NEDERLANDEN.	artikel	0.7650017343045439	nl	06_Hunt_economical	\N	Regionaal/lokaal	\N	\N
ddd:010922781:mpeg21:a0002	1840	Leydse courant	NEDERLANDEN. Leyden, 29 November.	artikel	0.898582995951417	nl	06_Hunt_economical	\N	Regionaal/lokaal	\N	\N
ddd:010922898:mpeg21:a0006	1846	Leydse courant	RUSLAND. PETERSBURG, 14 Julij.	artikel	0.9079365079365079	nl	06_Hunt_economical	\N	Regionaal/lokaal	\N	\N
ddd:010923072:mpeg21:a0002	1845	Leydse courant	's GRAVENHAGE, 28 Februarij.	artikel	0.9491150442477876	nl	06_Hunt_economical	\N	Regionaal/lokaal	\N	\N
ddd:010923635:mpeg21:a0005	1849	Leydse courant	UTRECHT, 4 October.	artikel	0.9292035398230089	nl	06_Hunt_economical	\N	Regionaal/lokaal	\N	\N
ddd:010924331:mpeg21:a0010	1853	Leydse courant	FRANKRIJK. PARIJS, 31 Januarij.	artikel	0.9422776911076443	nl	06_Hunt_economical	\N	Regionaal/lokaal	\N	\N
ddd:010940454:mpeg21:a0011	1837	Surinaamsche courant	Mengelingen. GEDACHTEN EN OPMERKINGEN VAN EEN’ OVERLEDENEN. (Vervolg van No. 76.)	artikel	0.8797687861271676	nl	06_Hunt_economical	\N	Suriname	\N	\N
ddd:010943510:mpeg21:a0001	1832	Surinaamsche courant	BUITENLANDSCHE BERIGTEN. Haarlem, 22 September.	artikel	0.8318356867779204	nl	06_Hunt_economical	\N	Suriname	\N	\N
ddd:010967775:mpeg21:a0188	1932	Algemeen Handelsblad	CORSO CINEMA. „MEYER &amp;amp; Co.” „Moritz macht sein Glück”. — Siegfried Arno in een tweede. handskleerenwinkel.	artikel	0.9251012145748988	nl	06_Hunt_economical	\N	Landelijk	\N	\N
ddd:010947620:mpeg21:a0004	1841	Nieuwe Surinaamsche courant	MENGELWERK. Druiloftsfeest van een’ Keize-lijken Prins. (Naar pater Haacenth.)	artikel	0.7820037105751392	nl	06_Hunt_economical	\N	Suriname	\N	\N
ddd:010968429:mpeg21:a0002	1858	Provinciale Drentsche en Asser courant	OVERZIGT der Belangrijkste Gebeurtenissen.	artikel	0.902542372881356	nl	06_Hunt_economical	\N	Regionaal/lokaal	\N	\N
ddd:010969898:mpeg21:a0004	1838	De avondbode : algemeen nieuwsblad voor staatkunde, handel, nijverheid, landbouw, kunsten, wetenschappen, enz. / door Ch.G. Withuys	ENGELAND.	artikel	0.9192956713132795	nl	06_Hunt_economical	\N	Landelijk	\N	\N
ddd:010980956:mpeg21:a0006	1861	Rotterdamsche courant	FRANKRIJE. PARIJS 11 Februarij. (Particuliere Correspondentie.)	artikel	0.9527439024390244	nl	06_Hunt_economical	\N	Regionaal/lokaal	\N	\N
ddd:010973254:mpeg21:a0001	1882	Algemeen Handelsblad	Rusland. Moskou. Het Kremlin bij nacht gezien.	artikel	0.8930180180180181	nl	06_Hunt_economical	\N	Landelijk	\N	\N
ddd:010990965:mpeg21:a0099	1896	De Tĳd : godsdienstig-staatkundig dagblad	ALLERLEI. De feesten te Utrecht.	artikel	0.909297052154195	nl	06_Hunt_economical	\N	Landelijk	\N	\N
ddd:011006225:mpeg21:a0046	1878	Rotterdamsch nieuwsblad	Buitenland. (Particuliere Correspondentie.) Londen, 9 November. De Lord Mayor-Show.	artikel	0.9458689458689459	nl	06_Hunt_economical	\N	Regionaal/lokaal	\N	\N
ddd:011007042:mpeg21:a0002	1881	Rotterdamsch nieuwsblad	Binnenland. ROTTERDAM, 16 Mei.	artikel	0.7688081149619611	nl	06_Hunt_economical	\N	Regionaal/lokaal	\N	\N
ddd:011009312:mpeg21:a0003	1887	Rotterdamsch nieuwsblad	Gemengd Nieuws.	artikel	0.9137392661982826	nl	05_Pest_control	\N	Regionaal/lokaal	\N	\N
ddd:011010261:mpeg21:a0002	1890	Rotterdamsch nieuwsblad	Parlementaire Kroniek. Den Haag, 21 November.	artikel	0.9478547854785478	nl	06_Hunt_economical	\N	Regionaal/lokaal	\N	\N
ddd:011035917:mpeg21:a0093	1911	Bataviaasch nieuwsblad	Het Gevaar, verbonden aan het Invoeren van nieuwe Diersoorten.	artikel	0.8921176897929531	nl	01_Natural_history	\N	Nederlands-Indië / Indonesië	\N	\N
ddd:011036131:mpeg21:a0088	1912	Bataviaasch nieuwsblad	Ontdekt door Arthur Stringer.	artikel	0.9578454332552693	nl	06_Hunt_economical	\N	Nederlands-Indië / Indonesië	\N	\N
ddd:011037759:mpeg21:a0058	1917	Bataviaasch nieuwsblad	Ter Wille van den Aardappel!	artikel	0.9042457091237579	nl	11_Nobeast	\N	Nederlands-Indië / Indonesië	\N	\N
ddd:011040382:mpeg21:a0094	1923	Bataviaasch nieuwsblad	FEUILLETON ZEVENGESTERNTE. Roman door Margaretha Böhmf. (Geautoriseerde vertaling.)	artikel	0.9526854219948849	nl	06_Hunt_economical	\N	Nederlands-Indië / Indonesië	\N	\N
ddd:011060921:mpeg21:a0027	1861	De Oostpost : letterkundig, wetenschappelĳk en commercieel nieuws- en advertentieblad	FRANSCHE BRIEVEN.	artikel	0.9180576631259484	nl	06_Hunt_economical	\N	Nederlands-Indië / Indonesië	\N	\N
ddd:011065468:mpeg21:a0002	1873	De standaard	FEUILLETON. 21 Januari.	artikel	0.9263537906137184	nl	09_Figurative	\N	Landelijk	\N	\N
ddd:011066702:mpeg21:a0005	1878	De standaard	Een der opzichters in den constructie-winkel	artikel	0.7971014492753623	nl	06_Hunt_economical	\N	Landelijk	\N	\N
ddd:011067080:mpeg21:a0014	1879	De standaard	Plechtigheid In de Nieuwe Kerk.	artikel	0.8955752212389381	nl	06_Hunt_economical	\N	Landelijk	\N	\N
ddd:011070711:mpeg21:a0018	1824	Bataviasche courant	MENGELINGEN. Berigten wegens de tweede noord-westexpeditie van de Hecla en de Fury, onder de bevelen van den kapitein Parry. [Eerfle vervolg; zie ons vorig nummer.]	artikel	0.8006756756756757	nl	01_Natural_history	\N	Nederlands-Indië / Indonesië	\N	\N
ddd:011073368:mpeg21:a0279	1933	Bataviaasch nieuwsblad	De Mode. Een praatje over bont.	artikel	0.9162833486660533	nl	06_Hunt_economical	\N	Nederlands-Indië / Indonesië	\N	\N
ddd:011084636:mpeg21:a0002	1855	Samarangsch advertentie-blad	MENGELWERK EN BIJDRAGEN. Störenfried. (EENE IJSLANDSCHE LEGENDE.)	artikel	0.8258869908015769	nl	06_Hunt_economical	\N	Nederlands-Indië / Indonesië	\N	\N
ddd:011085235:mpeg21:a0003	1879	Soerabaijasch handelsblad	Een vorstelijk huwelijk.	artikel	0.9281183932346723	nl	06_Hunt_economical	\N	Nederlands-Indië / Indonesië	\N	\N
ddd:011085511:mpeg21:a0004	1880	Soerabaijasch handelsblad	Uit de mail, tot 13 Februari.	artikel	0.8846153846153846	nl	06_Hunt_economical	\N	Nederlands-Indië / Indonesië	\N	\N
ddd:010035351:mpeg21:a0115	1917	Nieuwe Rotterdamsche Courant	Vereenigde Staten. De sociallsten hun propaganda en de oorlog.	artikel	0.7692307692307693	nl	06_Hunt_economical	\N	Landelijk	\N	\N
ddd:011085609:mpeg21:a0001	1880	Soerabaijasch handelsblad	Mailnieuws (5-13 Juni.)	artikel	0.8633312995729103	nl	06_Hunt_economical	\N	Nederlands-Indië / Indonesië	\N	\N
ddd:011088233:mpeg21:a0086	1905	Soerabaijasch handelsblad	Het palais de la femme te Luik.	artikel	0.9052631578947369	nl	06_Hunt_economical	\N	Nederlands-Indië / Indonesië	\N	\N
ddd:011110066:mpeg21:a0247	1934	Soerabaijasch handelsblad	Pennekrassen van hier en ginder. door Jan Poortenaar. Vonetië.	artikel	0.9458917835671342	nl	06_Hunt_economical	\N	Nederlands-Indië / Indonesië	\N	\N
ddd:011127065:mpeg21:a0030	1901	Het volk : dagblad voor de arbeiderspartĳ	FEUILLETON. DE EEUWIGE STAD. DOOR HALL CAINE. Uit het Engelsch door H.M.-S.	artikel	0.950786056049214	nl	06_Hunt_economical	\N	Landelijk	\N	\N
ddd:011139216:mpeg21:a0005	1896	Soerabaijasch handelsblad	De oudejaarsavond van het jaar 1000	artikel	0.8238095238095238	nl	06_Hunt_economical	\N	Nederlands-Indië / Indonesië	\N	\N
ddd:011139437:mpeg21:a0003	1896	Samarangsch advertentie-blad	Lustrumfeesten te Utrecht.	artikel	0.7902885292047853	nl	06_Hunt_economical	\N	Nederlands-Indië / Indonesië	\N	\N
ddd:011163843:mpeg21:a0012	1876	De Gooi- en Eemlander : nieuws- en advertentieblad	Buitenland.	artikel	0.9480712166172107	nl	01_Natural_history	\N	Regionaal/lokaal	\N	\N
ddd:011171789:mpeg21:a0014	1935	De Gooi- en Eemlander : nieuws- en advertentieblad	Een onderbreking van het lentelied Als de winter onverwacht invalt....	artikel	0.959493670886076	nl	01_Natural_history	\N	Regionaal/lokaal	\N	\N
ddd:011167109:mpeg21:a0013	1932	De Gooi- en Eemlander : nieuws- en advertentieblad	SCHETSJES UIT DE VOGELWERELD. Wilde Zwanen.	artikel	0.9801980198019802	nl	01_Natural_history	\N	Regionaal/lokaal	\N	\N
ddd:011178894:mpeg21:a0031	1874	De grondwet	Zilveren Krooningsfeest van Z.M. Koning Willem III.	artikel	0.9145744029393754	nl	06_Hunt_economical	\N	Verenigde Staten	\N	\N
ddd:011180885:mpeg21:a0061	1902	De Volksstem	GEMENGD NIEUWS	artikel	0.8832173240525909	nl	06_Hunt_economical	\N	Verenigde Staten	\N	\N
ddd:011188962:mpeg21:a0004	1897	Sumatra-courant : nieuws- en advertentieblad	HOLLANDSCHE NIEUWTJES.	artikel	0.8530259365994236	nl	06_Hunt_economical	\N	Nederlands-Indië / Indonesië	\N	\N
ddd:010049680:mpeg21:a0010	1823	Nederlandsche staatscourant	's Gravenhage , den 14 November.	artikel	0.9149613460663938	nl	01_Natural_history	\N	Landelijk	\N	\N
ddd:011190257:mpeg21:a0003	1859	Surinaamsch weekblad	ARCHIE CAMPBELL, of de magt van het Alphabeth.	artikel	0.5541941564561734	nl	06_Hunt_economical	\N	Suriname	\N	\N
ddd:011193021:mpeg21:a0014	1863	Surinaamsche courant en Gouvernements advertentie blad	Aangekomen Passagiers met de Mail.	artikel	0.7052631578947368	nl	11_Nobeast	\N	Suriname	\N	\N
ddd:011193414:mpeg21:a0004	1865	Surinaamsche courant en Gouvernements advertentie blad	Niet Officieel Gedeelte.	artikel	0.8367992766726944	nl	06_Hunt_economical	\N	Suriname	\N	\N
ddd:011193489:mpeg21:a0002	1866	Surinaamsche courant en Gouvernements advertentie blad	Niet Officieel Gedeelte.	artikel	0.8541147132169576	nl	06_Hunt_economical	\N	Suriname	\N	\N
ddd:011193585:mpeg21:a0002	1866	Surinaamsche courant en Gouvernements advertentie blad	Niet Officieel Gedeelte.	artikel	0.8498525451981023	nl	06_Hunt_economical	\N	Suriname	\N	\N
ddd:011194516:mpeg21:a0003	1876	Surinaamsche courant en Gouvernements advertentie blad	Niet Officieel Gedeelte.	artikel	0.7819148936170213	nl	06_Hunt_economical	\N	Suriname	\N	\N
ddd:011194814:mpeg21:a0002	1878	Surinaamsche courant en Gouvernements advertentie blad	Niet Officieel Gedeelte.	artikel	0.8568846037963241	nl	06_Hunt_economical	\N	Suriname	\N	\N
ddd:011210903:mpeg21:a0004	1868	De kolonist : dagblad toegewyd aan de belangen van Suriname	Eenige beschouwingen, getrokken uit het dagboek van het jaar 1867. door Spectator. V.	artikel	0.8260869565217391	nl	06_Hunt_economical	\N	Suriname	\N	\N
ddd:110534713:mpeg21:a0023	1876	Bataviaasch handelsblad	SPANJE.	artikel	0.857736240913811	nl	06_Hunt_economical	\N	Nederlands-Indië / Indonesië	\N	\N
ddd:110533528:mpeg21:a0025	1874	Bataviaasch handelsblad	De Uitzet eener Grootvorstin.	artikel	0.8994535519125683	nl	06_Hunt_economical	\N	Nederlands-Indië / Indonesië	\N	\N
ddd:010529926:mpeg21:a0076	1922	De Tĳd : godsdienstig-staatkundig dagblad	GEMENUDE BERICHTEN. Koning Dollar hoog in eere! —De waanzinnig toenemende duurte.	artikel	0.9135135135135135	nl	06_Hunt_economical	\N	Landelijk	\N	\N
ddd:110532791:mpeg21:a0029	1868	Bataviaasch handelsblad	DE JAGT IN HET GOUVERNEMENT ARCHANGEL.	artikel	0.883495145631068	nl	06_Hunt_economical	\N	Nederlands-Indië / Indonesië	\N	\N
ddd:110535305:mpeg21:a0026	1878	Bataviaasch handelsblad	EUROPESCHE KRONIEK.	artikel	0.9139569784892446	nl	06_Hunt_economical	\N	Nederlands-Indië / Indonesië	\N	\N
ddd:110535980:mpeg21:a0022	1880	Bataviaasch handelsblad	De mail van 21 Februari. NEDERLAND.	artikel	0.9301149425287356	nl	06_Hunt_economical	\N	Nederlands-Indië / Indonesië	\N	\N
ddd:110536074:mpeg21:a0027	1880	Bataviaasch handelsblad	Parijsche Brieven VAN ALOIS BREVANT.	artikel	0.9285190615835777	nl	06_Hunt_economical	\N	Nederlands-Indië / Indonesië	\N	\N
ddd:110538767:mpeg21:a0003	1895	De Telegraaf	BUITENLAND. ITALIAANSCHE CORRESPONDENTIE	artikel	0.7736842105263158	nl	06_Hunt_economical	\N	Landelijk	\N	\N
ddd:110540263:mpeg21:a0003	1896	De Telegraaf	DE KRONING VAN DEN GZAAR.	artikel	0.8134777376654633	nl	06_Hunt_economical	\N	Landelijk	\N	\N
ddd:110541955:mpeg21:a0110	1899	De Telegraaf	Amen.	artikel	0.8151041666666666	nl	06_Hunt_economical	\N	Landelijk	\N	\N
ddd:110564912:mpeg21:a0218	1927	De Telegraaf	GEESTELIJK LEVEN. EEN OUDE WERTSCHE PLECHTIGHEID IN POLEN. De nieuwe kardinaal te Warschau.	artikel	0.9029850746268657	nl	06_Hunt_economical	\N	Landelijk	\N	\N
ddd:110576751:mpeg21:a0105	1936	De Telegraaf	MODESHOW IN DEN HAAG. Schitterende creaties.	artikel	0.9137931034482759	nl	06_Hunt_economical	\N	Landelijk	\N	\N
ddd:110577158:mpeg21:a0256	1937	De Telegraaf	Tailleurs en bont.	artikel	0.8705035971223022	nl	06_Hunt_economical	\N	Landelijk	\N	\N
ddd:110597298:mpeg21:a0001	1919	De Graafschap-bode : nieuws- en advertentieblad voor stad- en ambt-Doetinchem, Hummelo en Keppel, Wehl, Zeddam, 's Heerenberg, Ulft, Gendringen, Sillevolde, Terborg, Varsseveld, Dinxperlo, Aalten, Breedevoorde, Lichtenvoorde, Groenlo, Neede, Eibergen, Bor	Najaarsdagen.	artikel	0.8587628865979381	nl	06_Hunt_economical	\N	Regionaal/lokaal	\N	\N
MMRHCE01:000045711:mpeg21:a0035	1937	De Zuid-Willemsvaart	De Kroningsplechtigheid te Londen. Triomfantelijke terugtocht naar Buckingham Palace.	artikel	0.9706959706959707	nl	06_Hunt_economical	\N	Regionaal/lokaal	\N	\N
ddd:000016632:mpeg21:a0015	1853	Nieuwe Rotterdamsche courant : staats-, handels-, nieuws- en advertentieblad	BINNENLAND. ROTTERDAM, 31 Mei.	artikel	0.9180395387149918	nl	06_Hunt_economical	\N	Landelijk	\N	\N
ddd:010015250:mpeg21:a0066	1934	Het Vaderland : staat- en letterkundig nieuwsblad	De kransebe Mode in Hetel De Witte Brug	artikel	0.9134701159678859	nl	06_Hunt_economical	\N	Landelijk	\N	\N
ddd:010031176:mpeg21:a0078	1910	Nieuwe Rotterdamsche Courant	FEUILLETON. De Mode.	artikel	0.8023730070448647	nl	06_Hunt_economical	\N	Landelijk	\N	\N
ddd:110613324:mpeg21:a0023	1885	Bataviaasch handelsblad	Advertentie	advertentie	0.9577549788774894	nl	06_Hunt_economical	\N	Nederlands-Indië / Indonesië	\N	\N
ddd:110613902:mpeg21:a0024	1887	Bataviaasch handelsblad	Politiek Overzicht (Bewerkt voor het Bat. Handelsblad.) 17—24 JUNI.	artikel	0.9194260485651214	nl	06_Hunt_economical	\N	Nederlands-Indië / Indonesië	\N	\N
ddd:110614282:mpeg21:a0025	1888	Bataviaasch handelsblad	UIT DEN HARZ. III. (Geschreven voor het Bat. Handelsblad.)	artikel	0.9212278106508875	nl	06_Hunt_economical	\N	Nederlands-Indië / Indonesië	\N	\N
ddd:110614848:mpeg21:a0022	1890	Bataviaasch handelsblad	DUITSCHLAND. De begrafenis van keizerin Augusta.	artikel	0.8823529411764706	nl	06_Hunt_economical	\N	Nederlands-Indië / Indonesië	\N	\N
ddd:110615077:mpeg21:a0022	1890	Bataviaasch handelsblad	Politiek Overzicht. Van 19-23 October. (Bewerkt voor het Bataviaasch Handelsblad.) (Slot.)	artikel	0.9419509275882705	nl	06_Hunt_economical	\N	Nederlands-Indië / Indonesië	\N	\N
ddd:110617162:mpeg21:a0049	1887	Bataviaasch nieuwsblad	FEUILLETON. EEN KUNSTENAARSLOOPBAAN. EEN SCHETS 7) VAN Mr. CLOVIS. (Vervolg).	artikel	0.9654510556621881	nl	06_Hunt_economical	\N	Nederlands-Indië / Indonesië	\N	\N
ddd:110619995:mpeg21:a0032	1880	De grondwet	ALLERLEL.	artikel	0.8344907407407407	nl	06_Hunt_economical	\N	Verenigde Staten	\N	\N
ddd:110620123:mpeg21:a0047	1887	De grondwet	Koningin Victoria in Londen.	artikel	0.8459119496855346	nl	06_Hunt_economical	\N	Verenigde Staten	\N	\N
ddd:110620894:mpeg21:a0197	1903	De grondwet	NEDERLANDSCH NIEUWS.	artikel	0.9317507418397626	nl	01_Natural_history	\N	Verenigde Staten	\N	\N
ddd:110621329:mpeg21:a0094	1910	De grondwet	PLAATSELIJK NIEUWS.	artikel	0.9020576131687242	nl	12_Bagger_OCR	\N	Verenigde Staten	\N	\N
ddd:010072205:mpeg21:a0025	1841	Algemeen Handelsblad	Grroud Regtbank te Cmsterdam. HERMELIJN-PROCES.	artikel	0.7843359818388195	nl	11_Nobeast	\N	Landelijk	\N	\N
ddd:010110879:mpeg21:a0022	1864	Nieuwe Rotterdamsche courant : staats-, handels-, nieuws- en advertentieblad	Duitsche Post.	artikel	0.9288824383164006	nl	06_Hunt_economical	\N	Landelijk	\N	\N
ddd:010117297:mpeg21:a0049	1869	Nieuwe Rotterdamsche courant : staats-, handels-, nieuws- en advertentieblad	Rotterdam, 17 November.	artikel	0.9539196403484125	nl	06_Hunt_economical	\N	Landelijk	\N	\N
ddd:010132136:mpeg21:a0013	1862	Nieuw Amsterdamsch handels- en effectenblad	BUITENLAND. Frankrijk.	artikel	0.8852242744063324	nl	06_Hunt_economical	\N	Landelijk	\N	\N
ddd:010150504:mpeg21:a0008	1838	Arnhemsche courant	NEDERLANDEN.	artikel	0.8356772760917839	nl	06_Hunt_economical	\N	Regionaal/lokaal	\N	\N
ddd:010188770:mpeg21:a0016	1894	Tilburgsche courant	TILBURG, 11 Juli. Muscus fabriek.	artikel	0.9492130115424974	nl	06_Hunt_economical	\N	Regionaal/lokaal	\N	\N
ddd:010246261:mpeg21:a0002	1838	De avondbode : algemeen nieuwsblad voor staatkunde, handel, nijverheid, landbouw, kunsten, wetenschappen, enz. / door Ch.G. Withuys	NEDERLAND.	artikel	0.8424753867791842	nl	06_Hunt_economical	\N	onbekend	\N	\N
ddd:010261991:mpeg21:a0004	1838	Noord-Brabander	NEDERLANDEN. s' HERTOGENBOSCH, den 21 September.	artikel	0.9036903690369037	nl	06_Hunt_economical	\N	Regionaal/lokaal	\N	\N
ddd:010299525:mpeg21:a0097	1898	De locomotief : Samarangsch handels- en advertentie-blad	Nieuws uit Nederland. loopende tot 26 Augustus jl. De Inhuldigingsfeesten.	artikel	0.9496314496314496	nl	06_Hunt_economical	\N	Nederlands-Indië / Indonesië	\N	\N
ddd:010487551:mpeg21:a0026	1888	Java-bode : nieuws, handels- en advertentieblad voor Nederlandsch-Indie	HET PASSIESPEL TE CASARABONELA.	artikel	0.9292307692307692	nl	06_Hunt_economical	\N	Nederlands-Indië / Indonesië	\N	\N
ddd:010487662:mpeg21:a0005	1888	Java-bode : nieuws, handels- en advertentieblad voor Nederlandsch-Indie	VAN AMSTERDAM NAAR GENUA.	artikel	0.9420177812137611	nl	06_Hunt_economical	\N	Nederlands-Indië / Indonesië	\N	\N
ddd:010582610:mpeg21:a0009	1838	Leeuwarder courant	NEDERLANDEN.	artikel	0.952833078101072	nl	06_Hunt_economical	\N	Regionaal/lokaal	\N	\N
ddd:010648059:mpeg21:a0017	1901	Algemeen Handelsblad	Een grafmonument voor Willem 1.	artikel	0.9515905947441217	nl	06_Hunt_economical	\N	Landelijk	\N	\N
ddd:010671080:mpeg21:a0004	1841	Nieuwe Surinaamsche courant	MENGE WERK. Druilisfeest van enn Keizerhjken Prins.	artikel	0.7761862130707251	nl	06_Hunt_economical	\N	Suriname	\N	\N
ddd:010772509:mpeg21:a0008	1843	Groninger courant	BERLIJN den 16 Mei.	artikel	0.9141630901287554	nl	06_Hunt_economical	\N	Regionaal/lokaal	\N	\N
ddd:010780742:mpeg21:a0009	1860	Provinciale Drentsche en Asser courant	De wezels en hermelijnen, meer schadelijke, dan nuttige dieren.	artikel	0.9199372056514914	nl	01_Natural_history	\N	Regionaal/lokaal	\N	\N
ddd:010806904:mpeg21:a0007	1838	Utrechtsche courant	NEDERLAND.	artikel	0.8438375350140056	nl	06_Hunt_economical	\N	Regionaal/lokaal	\N	\N
ddd:010942523:mpeg21:a0002	1838	Nieuwe Surinaamsche courant	Buitenlandsche Nieuwstijdingen. Extracten uit de NEDERLANDSCHE COURANTEN, tot en met den 4den Octobsr 1838. Nederlanden.	artikel	0.8631452581032413	nl	06_Hunt_economical	\N	Suriname	\N	\N
ddd:010969968:mpeg21:a0001	1838	De avondbode : algemeen nieuwsblad voor staatkunde, handel, nijverheid, landbouw, kunsten, wetenschappen, enz. / door Ch.G. Withuys	NEDERLAND.	artikel	0.8289106145251397	nl	06_Hunt_economical	\N	Landelijk	\N	\N
ddd:011021825:mpeg21:a0003	1856	De Sheboygan Nieuwsbode	FRANKRIJK.	artikel	0.8449328449328449	nl	06_Hunt_economical	\N	Verenigde Staten	\N	\N
ddd:011030937:mpeg21:a0057	1903	Bataviaasch nieuwsblad	BIJ DEN DOOD DES PAUSEN.	artikel	0.9391304347826087	nl	06_Hunt_economical	\N	Nederlands-Indië / Indonesië	\N	\N
ddd:011085525:mpeg21:a0002	1880	Soerabaijasch handelsblad	FEUILLETON. BALLADEN IN PROZA. (Uit de „Brieven uit mijn Molen”) DOOR ALPHONSE DAUDET.	artikel	0.8854460093896713	nl	06_Hunt_economical	\N	Nederlands-Indië / Indonesië	\N	\N
ddd:011170059:mpeg21:a0089	1929	De Gooi- en Eemlander : nieuws- en advertentieblad	VOOR ONZE LEZERESSEN Modeshow Maison de Vries.	artikel	0.9283783783783783	nl	06_Hunt_economical	\N	Regionaal/lokaal	\N	\N
ddd:011189796:mpeg21:a0051	1900	Sumatra-courant : nieuws- en advertentieblad	De Leidsche Lustrumfeesten. 's Gravenhage, 21 Juni.	artikel	0.8885793871866295	nl	06_Hunt_economical	\N	Nederlands-Indië / Indonesië	\N	\N
ddd:110532606:mpeg21:a0028	1867	Bataviaasch handelsblad	RUSSISCH-AMERIKA.	artikel	0.8618677042801557	nl	06_Hunt_economical	\N	Nederlands-Indië / Indonesië	\N	\N
ddd:110599193:mpeg21:a0231	1937	De Graafschap-bode : nieuws- en advertentieblad voor stad- en ambt-Doetinchem, Hummelo en Keppel, Wehl, Zeddam, 's Heerenberg, Ulft, Gendringen, Sillevolde, Terborg, Varsseveld, Dinxperlo, Aalten, Breedevoorde, Lichtenvoorde, Groenlo, Neede, Eibergen, Bor	Tot weerziens op den Brühl.	artikel	0.9338842975206612	nl	06_Hunt_economical	\N	Regionaal/lokaal	\N	\N
KBDDD02:000197776:mpeg21:a0075	1930	De Sumatra post	Een uitstervend Poolvolk De Jenissejers op het Turuchangskeiland	artikel	0.9171817058096415	nl	01_Natural_history	\N	Regionaal/lokaal	\N	\N
MMKB08:000110149:mpeg21:a0064	1935	Arnhemsche courant	GEMENGD NIEUWS DE „SEMIRAMIS&quot; WAS GEEN NED. SCHIP.	artikel	0.9573412698412699	nl	06_Hunt_economical	\N	Regionaal/lokaal	\N	\N
KBDDD02:000201166:mpeg21:a0008	1840	Rotterdamsche courant	's GRAVENHAGE den 15 november.	artikel	0.8203883495145631	nl	06_Hunt_economical	\N	Regionaal/lokaal	\N	\N
KBDDD02:000214463:mpeg21:a0004	1859	Nieuw Amsterdamsch handels- en effectenblad	BINNENLAND.	artikel	0.9407679738562091	nl	05_Pest_control	\N	Landelijk	\N	\N
KBDDD02:000215701:mpeg21:a0003	1914	Nieuwe Tilburgsche courant	Het overlijden van Z.H. de Paus	familiebericht	0.9313924050632911	nl	06_Hunt_economical	\N	Regionaal/lokaal	\N	\N
MMGARO01:000174087:mpeg21:a0001	1923	De grondwet	Het Regeeringsjubileum van H. M. de Koningin. AANBIEDING VAN HET HULDEBLIJK.	artikel	0.9547392587733683	nl	06_Hunt_economical	\N	Regionaal/lokaal	\N	\N
MMGAVL01:000032357:mpeg21:a0084	1913	Nieuwe Venlosche courant	FEUILLETON Een Czaren-idylle.	artikel	0.9552173913043478	nl	06_Hunt_economical	\N	Regionaal/lokaal	\N	\N
MMHCO01:000078813:mpeg21:a0002	1911	Provinciale Overijsselsche en Zwolsche courant	BUITENLAND. Algemeen Overzicht.	artikel	0.9629783693843594	nl	06_Hunt_economical	\N	Regionaal/lokaal	\N	\N
MMKB04:000161813:mpeg21:a0001	1890	De Maasbode	ROTTERDAM, 13 Januari. BUITENLAND. Politiek Overzicht.	artikel	0.9323308270676691	nl	06_Hunt_economical	\N	Regionaal/lokaal	\N	\N
MMKB04:000165846:mpeg21:a0009	1894	De Maasbode	IS EEN ONDERWIJZER IN EEN SPORTHEMD GEKLEED, AL DAN NIET? Onuitgewerkt Tooneelspel in 3 bedrijven	artikel	0.9501123595505618	nl	06_Hunt_economical	\N	Regionaal/lokaal	\N	\N
MMKB08:000087733:mpeg21:a0009	1866	Arnhemsche courant	Advertentie	advertentie	0.9101449275362319	nl	06_Hunt_economical	\N	Regionaal/lokaal	\N	\N
MMKB08:000088539:mpeg21:a0001	1853	Arnhemsche courant	De beraadslaging over het in overweging nemtri van het voorstel van negen leden tot afschaffing van het tonnegeld en van den accijns op het geslagt. I.	artikel	0.9205495818399044	nl	06_Hunt_economical	\N	Regionaal/lokaal	\N	\N
MMKB08:000108301:mpeg21:a0065	1929	Arnhemsche courant	AVONTUREN VAN SNUFFELGRAAG EN KNAGELIJNTJE.	artikel	0.88	nl	09_Figurative	\N	Regionaal/lokaal	\N	\N
MMKB08:000146351:mpeg21:a0014	1882	Nederlandsche staatscourant	No. 3. AANKONDIGING van de beschrijving en afbeelding van handels- en fabrieksmerken, van welker inzending ter griffie van de arrondissements-regtbanken aanteekening is gehouden, krachtens de wet van 25 Mei 1880 (Staatsblad no. 85). 1343.	artikel	0.9107263323588937	nl	06_Hunt_economical	\N	Landelijk	\N	\N
MMRANM02:000027522:mpeg21:a0044	1930	Provinciale Geldersche en Nijmeegsche courant	ALGEMEEN OVERZICHT. Spanje (een verklaring van den Koning ; republikeinsche betoogingen). België (opening Gentsche Universiteit). Engeland (herinnering aan Trafalgar ; de nieuwe onderwijswet ; de ronde-tafel-conferentie ; de Engelsche politiek in Palestina). Oostenrijk (opmarsch der Heimwehren ?). Hongarije (marsch der boeren ; de legitimisten.) Brazilië (officieel communiqué).	artikel	0.9405639913232104	nl	06_Hunt_economical	\N	Regionaal/lokaal	\N	\N
MMRHCE01:000052958:mpeg21:a0083	1928	Eindhovensch dagblad	VOOR DE JEUGD	artikel	0.9078014184397163	nl	09_Figurative	literature	Regionaal/lokaal	\N	\N
MMSADB01:000004425:mpeg21:a0002	1861	Provinciale Noordbrabantsche en 's Hertogenbossche courant	Buitenlandsche Berigten.	artikel	0.9273447820343461	nl	06_Hunt_economical	\N	Regionaal/lokaal	\N	\N
MMSADB01:000019146:mpeg21:a0005	1893	Provinciale Noordbrabantsche en 's Hertogenbossche courant	Buitenland. BELGIE.	artikel	0.9339513325608343	nl	06_Hunt_economical	\N	Regionaal/lokaal	\N	\N
