ddd:000017988:mpeg21:a0006	1872	Het nieuws van den dag : kleine courant	Doopsgezinde Gemeenten.	artikel	0.7555555555555555	nl	12_Bagger_OCR	\N	Regionaal/lokaal	\N	\N
ddd:010098017:mpeg21:a0037	1870	Algemeen Handelsblad	Advertentie	advertentie	0.580335731414868	nl	12_Bagger_OCR	\N	Landelijk	\N	\N
ddd:010322906:mpeg21:a0051	1909	De Sumatra post	Venduties.	artikel	0.5405405405405406	af	12_Bagger_OCR	\N	Nederlands-Indië / Indonesië	\N	\N
ddd:010546915:mpeg21:a0114	1910	De Tĳd : godsdienstig-staatkundig dagblad	Familiebericht	familiebericht	0.8195718654434251	nl	12_Bagger_OCR	\N	Landelijk	\N	\N
KBDDD02:000199162:mpeg21:a0003	1918	Het nieuws van den dag voor Nederlandsch-Indië	NEDERLANDSCH-INDIE. BATAVIA, 16 October 1918. Ondergeteekerde is gedurende eenige dagan uitstedig. H. MULDER. Inhoud.	artikel	0.8582847626977519	nl	12_Bagger_OCR	\N	Regionaal/lokaal	\N	\N
KBDDD02:000202979:mpeg21:a0021	1900	Rotterdamsch nieuwsblad	Tweede Blad. De inmenging van Engeland en de verkiezingen in Amerika in verband met den oorlog tegen de Boeren en de toestand in China.	artikel	0.9406451612903226	nl	12_Bagger_OCR	\N	Regionaal/lokaal	\N	\N
KBDDD02:000206919:mpeg21:a0005	1843	Journal de La Haye	L' OPÉRA DE M. LISTZ. LETTRE HARMONIQUE DE F. LISTZ A. MADAME GEORGE SAND.	artikel	0.7911065149948294	fr	12_Bagger_OCR	\N	Regionaal/lokaal	\N	\N
MMGAVL01:000007356:mpeg21:a0041	1919	Nieuwe Venlosche courant	Advertentie	advertentie	0.8176470588235294	nl	12_Bagger_OCR	\N	Regionaal/lokaal	\N	\N
MMHCO01:000072007:mpeg21:a0042	1888	Provinciale Overijsselsche en Zwolsche courant	RECHTSZAKEN. RECHTBANK TE ZWOLLE.	artikel	0.9267624914442163	nl	11_Nobeast	\N	Regionaal/lokaal	\N	\N
MMHCO01:000079957:mpeg21:a0005	1903	Provinciale Overijsselsche en Zwolsche courant	RECHTSZAKEN. Hof te Arnhem.	artikel	0.9022082018927445	nl	11_Nobeast	\N	Regionaal/lokaal	\N	\N
MMKB04:000125519:mpeg21:a0006	1884	Haagsche courant	GEMEENTERAAD.	artikel	0.9053084648493543	nl	11_Nobeast	\N	Regionaal/lokaal	\N	\N
MMKB04:000145670:mpeg21:a0124	1928	Haagsche courant	Advertentie	advertentie	0.8206896551724138	nl	12_Bagger_OCR	\N	Regionaal/lokaal	\N	\N
MMSAB03:000063988:mpeg21:a0008	1927	Bredasche courant	Stadsnieuws. MODESHOW MAISON CHIC.	artikel	0.8972520908004779	nl	06_Hunt_economical	\N	Regionaal/lokaal	\N	\N
KBNRC01:000087642:mpeg21:a0254	1931	Algemeen Handelsblad	Kleinigheden die de aandacht vragen.	artikel	0.9477987421383648	nl	06_Hunt_economical	\N	Landelijk	\N	\N
MMCODA01:000157644:mpeg21:a0098	1935	Nieuwe Apeldoornsche courant	LILIAN HARVEY OP SCHIPHOL Onderweg naar oude vrienden en bekenden in Berlijn.	artikel	0.9322834645669291	nl	06_Hunt_economical	\N	Regionaal/lokaal	\N	\N
MMCODA02:000184380:mpeg21:a0032	1882	Apeldoornsche courant	Advertentie	advertentie	0.8181818181818182	nl	12_Bagger_OCR	\N	Regionaal/lokaal	\N	\N
MMCODA02:000187640:mpeg21:a0021	1912	Apeldoornsche courant	Rubriek voor Vrouwen	artikel	0.8952802359882006	nl	12_Bagger_OCR	\N	Regionaal/lokaal	\N	\N
MMDA03:000100383:mpeg21:a0019	1887	Provinciale Drentsche en Asser courant	De jonge Doktersvrouw.	artikel	0.9075907590759076	nl	12_Bagger_OCR	\N	Regionaal/lokaal	\N	\N
MMDA03:000113964:mpeg21:a0136	1933	Provinciale Drentsche en Asser courant	voor jong en oud Bonte bijdrage over bont	artikel	0.9327062228654125	nl	06_Hunt_economical	\N	Regionaal/lokaal	\N	\N
MMDA03:000114699:mpeg21:a0166	1936	Provinciale Drentsche en Asser courant	PLAATJES EN PRAATJES VOOR DE VROUW WIJ DRAGEN BONT !	artikel	0.9182825484764543	nl	06_Hunt_economical	\N	Regionaal/lokaal	\N	\N
MMHCO01:000065298:mpeg21:a0001	1871	Provinciale Overijsselsche en Zwolsche courant	Buitenland. Algemeen overzigt.	artikel	0.9472595656670114	nl	12_Bagger_OCR	\N	Regionaal/lokaal	\N	\N
MMHCO01:000070158:mpeg21:a0064	1886	Provinciale Overijsselsche en Zwolsche courant	Verkiezing Provinciale Staten.	artikel	0.8893333333333333	nl	11_Nobeast	\N	Regionaal/lokaal	\N	\N
MMHCO01:000074447:mpeg21:a0036	1899	Provinciale Overijsselsche en Zwolsche courant	BINNENLAND Officieele berichten.	artikel	0.9590143324113654	nl	12_Bagger_OCR	\N	Regionaal/lokaal	\N	\N
MMHCO01:000078216:mpeg21:a0024	1895	Provinciale Overijsselsche en Zwolsche courant	Burgerlijke stand van Zwolle.	familiebericht	0.8396946564885496	nl	11_Nobeast	\N	Regionaal/lokaal	\N	\N
MMKB04:000135531:mpeg21:a0106	1912	Haagsche courant	Advertentie	advertentie	0.850253807106599	nl	06_Hunt_economical	\N	Regionaal/lokaal	\N	\N
MMKB04:000146310:mpeg21:a0018	1929	Haagsche courant	Advertentie	advertentie	0.8228346456692913	nl	06_Hunt_economical	\N	Regionaal/lokaal	\N	\N
ddd:010035664:mpeg21:a0053	1917	Nieuwe Rotterdamsche Courant	Stoom- en Zeilvaart.	artikel	0.35365853658536583	nl	12_Bagger_OCR	\N	Landelijk	\N	\N
MMKB04:000147181:mpeg21:a0104	1933	Haagsche courant	STADSNIEUWS. Algemeene Nederl. Dilettanten Tooneelbond.	artikel	0.943217665615142	nl	06_Hunt_economical	\N	Regionaal/lokaal	\N	\N
MMKB04:000150083:mpeg21:a0148	1939	Haagsche courant	Advertentie	advertentie	0.8565488565488566	nl	06_Hunt_economical	\N	Regionaal/lokaal	\N	\N
MMKB04:000190164:mpeg21:a0042	1924	De Maasbode	's-GRAVENHAGE. DE WATERLEIDING-KWESTIE	artikel	0.8347547974413646	nl	12_Bagger_OCR	\N	Regionaal/lokaal	\N	\N
MMKB04:000191733:mpeg21:a0025	1919	De Maasbode	FINANCIEELE MEDEDEELINGEN BINNENLANDSCHE LEENINGEN.	artikel	0.6473856209150327	nl	12_Bagger_OCR	\N	Regionaal/lokaal	\N	\N
MMKB04:000192796:mpeg21:a0134	1939	De Maasbode	ROTTERDAM. DURENDE WERKLOOSHEID IN ROTTERDAM.	artikel	0.9627590673575129	nl	06_Hunt_economical	\N	Regionaal/lokaal	\N	\N
MMKB04:000197959:mpeg21:a0099	1927	De Maasbode	Advertentie	advertentie	0.855072463768116	nl	12_Bagger_OCR	\N	Regionaal/lokaal	\N	\N
MMKB08:000089631:mpeg21:a0004	1869	Arnhemsche courant	BENOEMINGEN, enz.	artikel	0.8407643312101911	nl	12_Bagger_OCR	\N	Regionaal/lokaal	\N	\N
MMKB08:000107370:mpeg21:a0052	1928	Arnhemsche courant	Advertentie	advertentie	0.6986301369863014	nl	06_Hunt_economical	\N	Regionaal/lokaal	\N	\N
MMKB08:000108041:mpeg21:a0057	1931	Arnhemsche courant	BINNENLAND. DE BRAND IN HET NED. PAVILJOEN.	artikel	0.9630177514792899	nl	06_Hunt_economical	\N	Regionaal/lokaal	\N	\N
MMKB08:000128079:mpeg21:a0012	1921	De Preanger-bode	Handel en Industrie DE AMSTERDAMSCHE BEURS	artikel	0.8992443324937027	nl	12_Bagger_OCR	\N	Nederlands-Indië / Indonesië	\N	\N
MMRANM02:000019585:mpeg21:a0013	1918	Provinciale Geldersche en Nijmeegsche courant	STATEN-GENERAAL EERSTE KAMER.	artikel	0.8130277442702051	nl	12_Bagger_OCR	\N	Regionaal/lokaal	\N	\N
MMSAB03:000065261:mpeg21:a0032	1929	Bredasche courant	DE BONTMODE.	artikel	0.919047619047619	nl		\N	Regionaal/lokaal	\N	\N
ddd:000013251:mpeg21:a0001	1853	De Nederlander : nieuwe Utrechtsche courant : (staatkundig- nieuws-, handels- en advertentie-blad) / onder red. van J. van Hall	UTRECHT, 1 Februarij.	artikel	0.9157967988865693	nl	11_Nobeast	\N	Regionaal/lokaal	\N	\N
ddd:010004395:mpeg21:a0006	1913	Het Centrum	Generaal Huerta	artikel	0.8992537313432836	nl	11_Nobeast	\N	Landelijk	\N	\N
ddd:011180910:mpeg21:a0020	1902	De Volksstem	Advertentie	advertentie	0.5	en	12_Bagger_OCR	\N	Verenigde Staten	\N	\N
MMSADB01:000001951:mpeg21:a0043	1925	Provinciale Noordbrabantsche en 's Hertogenbossche courant	Voor de Vrouwen.	artikel	0.9525631216526397	nl	06_Hunt_economical	\N	Regionaal/lokaal	\N	\N
MMSADB01:000017136:mpeg21:a0039	1935	Provinciale Noordbrabantsche en 's Hertogenbossche courant	Advertentie	advertentie	0.7	nl	06_Hunt_economical	\N	Regionaal/lokaal	\N	\N
MMSADB01:000064238:mpeg21:a0010	1907	Provinciale Noordbrabantsche en 's Hertogenbossche courant	's-Hertogenbosch, 11 Sept. Diocesane Katholiekendag.	artikel	0.898458748866727	nl	12_Bagger_OCR	\N	Regionaal/lokaal	\N	\N
MMSAEN01:000044591:mpeg21:a0023	1915	Twentsch dagblad Tubantia	Sport. Voetbal.	artikel	0.8746238716148446	nl	12_Bagger_OCR	\N	Regionaal/lokaal	\N	\N
MMVEEN01:000077647:mpeg21:a0008	1879	Veendammer courant	Brieven uit Groningen. XIX.	artikel	0.9054307116104869	nl	12_Bagger_OCR	\N	Regionaal/lokaal	\N	\N
MMVEEN01:000078434:mpeg21:a0002	1891	Nieuwe Veendammer courant	FEUILLETON. Eene onbeduidende vrouw. Roman van W. Heimburg.	artikel	0.9062710721510452	nl	12_Bagger_OCR	\N	Regionaal/lokaal	\N	\N
ddd:000020564:mpeg21:a0001	1869	Dagblad van Zuidholland en 's Gravenhage	's Gravenhage, 9 October.	artikel	0.8977059044753667	nl	12_Bagger_OCR	\N	Regionaal/lokaal	\N	\N
ddd:000021883:mpeg21:a0017	1864	Dagblad van Zuidholland en 's Gravenhage	Ingenzonden Stukken. Ministerieële Mixed-pickle.	artikel	0.8424336973478939	fr	11_Nobeast	\N	Regionaal/lokaal	\N	\N
ddd:010008995:mpeg21:a0043	1924	Het Vaderland : staat- en letterkundig nieuwsblad	ONDERWIJS Begrafenis prof. dr. H. J. Elhorst.	artikel	0.9284890426758939	nl	11_Nobeast	\N	Landelijk	\N	\N
ddd:010009259:mpeg21:a0033	1924	Het Vaderland : staat- en letterkundig nieuwsblad	RECHTSWEZEN Geen meineed.	artikel	0.9245810055865922	nl	11_Nobeast	\N	Landelijk	\N	\N
ddd:010014330:mpeg21:a0152	1932	Het Vaderland : staat- en letterkundig nieuwsblad	Moderevue van Maison de Paris	artikel	0.9099415204678363	nl	06_Hunt_economical	\N	Landelijk	\N	\N
ddd:010015147:mpeg21:a0011	1934	Het Vaderland : staat- en letterkundig nieuwsblad	Advertentie	advertentie	0.697841726618705	nl	06_Hunt_economical	\N	Landelijk	\N	\N
ddd:010016169:mpeg21:a0005	1935	Het Vaderland : staat- en letterkundig nieuwsblad	WATINDEZEN WINTER MODE ZAL ZIJN Aan afwisseling geen gebrek	artikel	0.9049904030710173	nl	06_Hunt_economical	\N	Landelijk	\N	\N
ddd:010016570:mpeg21:a0036	1936	Het Vaderland : staat- en letterkundig nieuwsblad	Kattententoonstelling.	artikel	0.8530612244897959	nl	12_Bagger_OCR	\N	Landelijk	\N	\N
ddd:010017467:mpeg21:a0015	1937	Het Vaderland : staat- en letterkundig nieuwsblad	Advertentie	advertentie	0.7589743589743589	nl	06_Hunt_economical	\N	Landelijk	\N	\N
ddd:010022728:mpeg21:a0046	1914	Het volk : dagblad voor de arbeiderspartij	Gemengd Nieuws.	artikel	0.558282208588957	nl	12_Bagger_OCR	\N	Landelijk	\N	\N
ddd:010026956:mpeg21:a0171	1923	Nieuwe Rotterdamsche Courant	Fransche Letteren.	artikel	0.7082961641391614	nl	11_Nobeast	\N	Landelijk	\N	\N
ddd:010034036:mpeg21:a0136	1915	Nieuwe Rotterdamsche Courant	HUGH WYNNE  DOOR v  S. wVslr Mltohell. ,	artikel	0.8595294919877259	nl	12_Bagger_OCR	\N	Landelijk	\N	\N
ddd:010034335:mpeg21:a0112	1915	Nieuwe Rotterdamsche Courant	Handelsberichten.	artikel	0.5608228980322003	nl	12_Bagger_OCR	\N	Landelijk	\N	\N
ddd:010057360:mpeg21:a0010	1833	Nederlandsche staatscourant	Advertentie	advertentie	0.8183694530443757	nl	12_Bagger_OCR	\N	Landelijk	\N	\N
ddd:010059186:mpeg21:a0006	1835	Nederlandsche staatscourant	Advertentie	advertentie	0.8264758497316637	nl	12_Bagger_OCR	\N	Landelijk	\N	\N
ddd:010066926:mpeg21:a0011	1841	Nederlandsche staatscourant	ENGELAND.	artikel	0.8450704225352113	nl	12_Bagger_OCR	\N	Landelijk	\N	\N
ddd:010069079:mpeg21:a0008	1833	Algemeen Handelsblad	Scheepstijdingen. BINNENGEKOMEJ.	artikel	0.6324324324324324	de	11_Nobeast	\N	Landelijk	\N	\N
ddd:010072829:mpeg21:a0021	1851	Algemeen Handelsblad	FRANS COENEN.	artikel	0.9149119037387193	nl	12_Bagger_OCR	\N	Landelijk	\N	\N
ddd:010072893:mpeg21:a0012	1851	Algemeen Handelsblad	Carga-Lijsten. AMSTERDAM.	artikel	0.6906474820143885	nl	12_Bagger_OCR	\N	Landelijk	\N	\N
ddd:010079357:mpeg21:a0016	1861	De Noord-Brabanter : staat- en letterkundig dagblad	Advertentie	advertentie	0.4270833333333333	nl	12_Bagger_OCR	\N	Regionaal/lokaal	\N	\N
ddd:010085068:mpeg21:a0017	1884	Het nieuws van den dag : kleine courant	Advertentie	advertentie	0.8353909465020576	nl	12_Bagger_OCR	\N	Regionaal/lokaal	\N	\N
ddd:010085766:mpeg21:a0001	1810	Oprechte Haarlemse courant	DUITSCHLAND en aangrenzende Rijken.	artikel	0.6928895612708018	nl	12_Bagger_OCR	\N	Regionaal/lokaal	\N	\N
ddd:010108492:mpeg21:a0175	1911	Het nieuws van den dag : kleine courant	De topografie van Amsterdam.	artikel	0.9149484536082474	nl	12_Bagger_OCR	\N	Regionaal/lokaal	\N	\N
ddd:010111006:mpeg21:a0048	1864	Nieuwe Rotterdamsche courant : staats-, handels-, nieuws- en advertentieblad	Eerste Kamer	artikel	0.8895939086294417	nl	12_Bagger_OCR	\N	Landelijk	\N	\N
ddd:010116091:mpeg21:a0013	1867	Nieuwe Rotterdamsche courant : staats-, handels-, nieuws- en advertentieblad	BINNENLAND. Rotterdam, 20 November.	artikel	0.9429791509670937	nl	11_Nobeast	\N	Landelijk	\N	\N
ddd:010121781:mpeg21:a0006	1801	Rotterdamse courant	Advertentie	advertentie	0.5514018691588785	nl	12_Bagger_OCR	\N	Regionaal/lokaal	\N	\N
ddd:010123434:mpeg21:a0010	1809	Rotterdamse courant	Advertentie	advertentie	0.6	nl	12_Bagger_OCR	\N	Regionaal/lokaal	\N	\N
ddd:010123710:mpeg21:a0003	1811	Rotterdamse courant	TURKYEN.	artikel	0.6347517730496454	nl	12_Bagger_OCR	\N	Regionaal/lokaal	\N	\N
ddd:010136438:mpeg21:a0032	1863	Nieuwe Rotterdamsche courant : staats-, handels-, nieuws- en advertentieblad	Graanmarkt.	artikel	0.8814055636896047	nl	12_Bagger_OCR	\N	Landelijk	\N	\N
ddd:010139506:mpeg21:a0001	1891	Het nieuws van den dag : kleine courant	Binnenlandsch Nieuws.	artikel	0.8668065023597273	nl	12_Bagger_OCR	\N	Regionaal/lokaal	\N	\N
ddd:010141204:mpeg21:a0001	1868	Algemeen Handelsblad	Tweede Kamer der Staten-Generaal.	artikel	0.7298534798534798	nl	12_Bagger_OCR	\N	Landelijk	\N	\N
ddd:010143687:mpeg21:a0001	1888	Algemeen Handelsblad	Wie en wat wilt gij ?	artikel	0.9041873669268985	nl	12_Bagger_OCR	\N	Landelijk	\N	\N
ddd:010143983:mpeg21:a0004	1890	Algemeen Handelsblad	BINNENLAND. De kamers aan het werk.	artikel	0.837696335078534	nl	12_Bagger_OCR	\N	Landelijk	\N	\N
ddd:010158823:mpeg21:a0043	1907	Nieuwe Tilburgsche Courant	PRIJS-COURANT VAN EFFECTEN. AMSTERDAM, 10 DEC. 1907.	artikel	0.47523427041499333	en	12_Bagger_OCR	\N	Regionaal/lokaal	\N	\N
ddd:010161969:mpeg21:a0093	1898	Algemeen Handelsblad	Maatschappelijk Belang.	artikel	0.8035714285714286	nl	12_Bagger_OCR	\N	Landelijk	\N	\N
ddd:010163000:mpeg21:a0016	1899	Algemeen Handelsblad	STADSNIEUWS. Makelen.	artikel	0.904642409033877	nl	12_Bagger_OCR	\N	Landelijk	\N	\N
ddd:010163047:mpeg21:a0020	1899	Algemeen Handelsblad	Uit de „Saatscourant”.	artikel	0.8642857142857143	nl	12_Bagger_OCR	\N	Landelijk	\N	\N
ddd:010163359:mpeg21:a0004	1899	Algemeen Handelsblad	Brieven uit Zuid-Afrika. Bij het Hollanderkorps.	artikel	0.9550986151909358	nl	12_Bagger_OCR	\N	Landelijk	\N	\N
ddd:010168157:mpeg21:a0038	1909	Nieuwe Tilburgsche Courant	Ingezonden Stukken.	artikel	0.830119375573921	nl	12_Bagger_OCR	\N	Regionaal/lokaal	\N	\N
ddd:010169705:mpeg21:a0033	1912	Nieuwe Tilburgsche Courant	Tramlijn Eindhovan – Oleschot.	artikel	0.9037656903765691	nl	12_Bagger_OCR	\N	Regionaal/lokaal	\N	\N
ddd:010191591:mpeg21:a0035	1916	Tilburgsche courant	Gemeenteraad	artikel	0.8564380858411446	nl	12_Bagger_OCR	\N	Regionaal/lokaal	\N	\N
ddd:010179575:mpeg21:a0162	1920	Het nieuws van den dag voor Nederlandsch-Indië	FEUILLETON. Hemaden van het Noorden. 33) door  James Oliver Curwood.	artikel	0.8325991189427313	nl	09_Figurative	literatuur	Nederlands-Indië / Indonesië	\N	\N
ddd:010213855:mpeg21:a0036	1906	Rotterdamsch nieuwsblad	PREDIKANTENLIJST.	artikel	0.8241860465116279	nl	12_Bagger_OCR	\N	Regionaal/lokaal	\N	\N
ddd:010579003:mpeg21:a0003	1809	Leeuwarder courant	Advertentie	advertentie	0.47540983606557374	nl	12_Bagger_OCR	\N	Regionaal/lokaal	\N	\N
ddd:010229940:mpeg21:a0243	1933	Het nieuws van den dag voor Nederlandsch-Indië	Onze Berlijnsche Brief Wat Verlof gangsters Interesseert. Practische Mantels en Mantelcostumes.	artikel	0.8911764705882353	nl	06_Hunt_economical	\N	Nederlands-Indië / Indonesië	\N	\N
ddd:010235363:mpeg21:a0021	1928	Nieuwe Tilburgsche Courant	Advertentie	advertentie	0.7906976744186046	nl	06_Hunt_economical	\N	Regionaal/lokaal	\N	\N
ddd:010237451:mpeg21:a0177	1936	Nieuwe Tilburgsche Courant	Voor onze Dames WIJ DRAGEN BONT! MAAR OOK HIER SPEELT DE BEPERKTE BEURS EEN GROOTE ROL!	artikel	0.925589836660617	nl	06_Hunt_economical	\N	Regionaal/lokaal	\N	\N
ddd:010239535:mpeg21:a0019	1808	Koninklĳke courant	Advertentie	advertentie	0.4656319290465632	nl	12_Bagger_OCR	\N	Landelijk	\N	\N
ddd:010239639:mpeg21:a0020	1808	Koninklĳke courant	Advertentie	advertentie	0.5909822866344605	nl	12_Bagger_OCR	\N	Landelijk	\N	\N
ddd:010239849:mpeg21:a0016	1809	Koninklĳke courant	MINISTERIE van OORLOG.	artikel	0.6955017301038062	nl	12_Bagger_OCR	\N	Landelijk	\N	\N
ddd:010239871:mpeg21:a0010	1809	Koninklĳke courant	MINISTERIE van OORLOG.	artikel	0.6601941747572816	nl	12_Bagger_OCR	\N	Landelijk	\N	\N
ddd:010239931:mpeg21:a0010	1809	Koninklĳke courant	Advertentie	advertentie	0.746031746031746	nl	12_Bagger_OCR	\N	Landelijk	\N	\N
ddd:010239941:mpeg21:a0008	1809	Koninklĳke courant	Advertentie	advertentie	0.7212406753042796	nl	12_Bagger_OCR	\N	Landelijk	\N	\N
ddd:010239974:mpeg21:a0010	1810	Koninklĳke courant	Advertentie	advertentie	0.7562544674767692	nl	12_Bagger_OCR	\N	Landelijk	\N	\N
ddd:010239980:mpeg21:a0013	1810	Koninklĳke courant	Advertentie	advertentie	0.696583044982699	nl	12_Bagger_OCR	\N	Landelijk	\N	\N
ddd:010240015:mpeg21:a0011	1810	Koninklĳke courant	Advertentie	advertentie	0.5048076923076923	nl	12_Bagger_OCR	\N	Landelijk	\N	\N
ddd:010240016:mpeg21:a0013	1810	Koninklĳke courant	Advertentie	advertentie	0.5306267806267806	nl	12_Bagger_OCR	\N	Landelijk	\N	\N
ddd:010240020:mpeg21:a0013	1810	Koninklĳke courant	NINISTERIE van OORLOG.	artikel	0.7020295202952029	nl	12_Bagger_OCR	\N	Landelijk	\N	\N
ddd:010240025:mpeg21:a0015	1810	Koninklĳke courant	Advertentie	advertentie	0.6638938053097345	nl	12_Bagger_OCR	\N	Landelijk	\N	\N
ddd:010240085:mpeg21:a0018	1810	Koninklĳke courant	Advertentie	advertentie	0.6332640332640332	nl	12_Bagger_OCR	\N	Landelijk	\N	\N
ddd:010240094:mpeg21:a0018	1810	Koninklĳke courant	Advertentie	advertentie	0.5858552631578947	nl	12_Bagger_OCR	\N	Landelijk	\N	\N
ddd:010240132:mpeg21:a0012	1810	Courrier d'Amsterdam = Courier van Amsterdam	Advertentie	advertentie	0.5080906148867314	nl	12_Bagger_OCR	\N	Regionaal/lokaal	\N	\N
ddd:010240464:mpeg21:a0006	1860	Algemeen Handelsblad	DESWEGE AANGEBODEN AMENDEMENTEN.	artikel	0.9541062801932367	nl	12_Bagger_OCR	\N	Landelijk	\N	\N
ddd:010282860:mpeg21:a0184	1934	Nieuwe Tilburgsche Courant	Familiebericht	familiebericht	0.9021065675340768	de	12_Bagger_OCR	\N	Regionaal/lokaal	\N	\N
ddd:010289871:mpeg21:a0038	1880	De locomotief : Samarangsch handels- en advertentie-blad	Advertentie	advertentie	0.6355140186915887	nl	12_Bagger_OCR	\N	Nederlands-Indië / Indonesië	\N	\N
ddd:010295625:mpeg21:a0152	1914	Rotterdamsch nieuwsblad	Advertentie	advertentie	0.8352490421455939	nl	12_Bagger_OCR	\N	Regionaal/lokaal	\N	\N
ddd:010298388:mpeg21:a0099	1900	De locomotief : Samarangsch handels- en advertentie-blad	Advertentie	advertentie	0.7975609756097561	nl	12_Bagger_OCR	\N	Nederlands-Indië / Indonesië	\N	\N
ddd:010299169:mpeg21:a0063	1897	De locomotief : Samarangsch handels- en advertentie-blad	Advertentie	advertentie	0.7355769230769231	nl	12_Bagger_OCR	\N	Nederlands-Indië / Indonesië	\N	\N
ddd:010323324:mpeg21:a0027	1911	De Sumatra post	Advertentie	advertentie	0.843956043956044	nl	12_Bagger_OCR	\N	Nederlands-Indië / Indonesië	\N	\N
ddd:010334436:mpeg21:a0002	1824	De Curaçaosche courant	UIT NEDERLANDSCHE KOURANTEN.	artikel	0.7159090909090909	nl	12_Bagger_OCR	\N	Nederlandse Antillen	\N	\N
ddd:010338132:mpeg21:a0005	1911	Algemeen Handelsblad	De vrijzinnige concentratie in Friesland.	artikel	0.9385593220338984	nl	12_Bagger_OCR	\N	Landelijk	\N	\N
ddd:010407113:mpeg21:a0020	1893	De Tĳd : godsdienstig-staatkundig dagblad	TWEEDE KAMER.	artikel	0.8854415274463007	nl	12_Bagger_OCR	\N	Landelijk	\N	\N
ddd:010459380:mpeg21:a0004	1812	Feuille politique du département de l'Issel-supérieur = Staatkundig dagblad van het departement van den Boven-Ĳssel	PARIS, le 18 Novembre.	artikel	0.7618147448015122	fr	12_Bagger_OCR	\N	Regionaal/lokaal	\N	\N
ddd:010504279:mpeg21:a0011	1868	De West-Indiër : dagblad toegewĳd aan de belangen van Nederlandsch Guyana	Familiebericht	familiebericht	0.4852459016393443	nl	12_Bagger_OCR	\N	Suriname	\N	\N
ddd:010488524:mpeg21:a0013	1882	Java-bode : nieuws, handels- en advertentieblad voor Nederlandsch-Indie	Advertentie	advertentie	0.68	af	12_Bagger_OCR	\N	Nederlands-Indië / Indonesië	\N	\N
ddd:010493646:mpeg21:a0004	1921	Rotterdamsch nieuwsblad	Parlementaire Kroniek	artikel	0.8542274052478134	nl	12_Bagger_OCR	\N	Regionaal/lokaal	\N	\N
ddd:010493678:mpeg21:a0027	1921	Rotterdamsch nieuwsblad	Rotterdam, 22 Februari 1921. Zedelijk Rotterdam.	artikel	0.7329842931937173	nl	12_Bagger_OCR	\N	Regionaal/lokaal	\N	\N
ddd:010494523:mpeg21:a0095	1922	Rotterdamsch nieuwsblad	Advertentie	advertentie	0.6896551724137931	nl	12_Bagger_OCR	\N	Regionaal/lokaal	\N	\N
ddd:010495232:mpeg21:a0050	1924	Rotterdamsch nieuwsblad	VOOR DE DAMES.	artikel	0.8587746625129803	nl	06_Hunt_economical	\N	Regionaal/lokaal	\N	\N
ddd:010518628:mpeg21:a0014	1828	Opregte Haarlemsche Courant	NEDERLANDEN.	artikel	0.8497267759562842	nl	12_Bagger_OCR	\N	Regionaal/lokaal	\N	\N
ddd:010518959:mpeg21:a0011	1843	Opregte Haarlemsche Courant	Familiebericht	familiebericht	0.9054652880354506	nl	12_Bagger_OCR	\N	Regionaal/lokaal	\N	\N
ddd:010520629:mpeg21:a0004	1831	Opregte Haarlemsche Courant	NEDERLANDEN.	artikel	0.8513060951105157	nl	12_Bagger_OCR	\N	Regionaal/lokaal	\N	\N
ddd:010532491:mpeg21:a0328	1928	De Tĳd : godsdienstig-staatkundig dagblad	VROUWENRUBRIEK DE HERFSTMODE door R.E.	artikel	0.9108910891089109	nl	06_Hunt_economical	\N	Landelijk	\N	\N
ddd:010544759:mpeg21:a0023	1856	Opregte Haarlemsche Courant	Familiebericht	familiebericht	0.8885630498533724	nl	11_Nobeast	\N	Regionaal/lokaal	\N	\N
ddd:010547790:mpeg21:a0058	1916	De Tĳd : godsdienstig-staatkundig dagblad	BOEKBEOORDELING. Alle bens.	artikel	0.7543859649122807	nl	12_Bagger_OCR	\N	Landelijk	\N	\N
ddd:010578068:mpeg21:a0013	1800	Leeuwarder courant	Advertentie	advertentie	0.7467911318553092	nl	12_Bagger_OCR	\N	Regionaal/lokaal	\N	\N
ddd:010578118:mpeg21:a0013	1800	Leeuwarder courant	Advertentie	advertentie	0.7678571428571429	nl	12_Bagger_OCR	\N	Regionaal/lokaal	\N	\N
ddd:010578550:mpeg21:a0023	1804	Leeuwarder courant	Advertentie	advertentie	0.6570529627687467	nl	12_Bagger_OCR	\N	Regionaal/lokaal	\N	\N
ddd:010579291:mpeg21:a0006	1811	Journal du département de la Frise = Dagblad van het departement Vriesland	Advertentie	advertentie	0.762114537444934	nl	12_Bagger_OCR	\N	Regionaal/lokaal	\N	\N
ddd:010579293:mpeg21:a0016	1811	Journal du département de la Frise = Dagblad van het departement Vriesland	Advertentie	advertentie	0.7930568079350766	nl	12_Bagger_OCR	\N	Regionaal/lokaal	\N	\N
ddd:010579298:mpeg21:a0014	1811	Journal du département de la Frise = Dagblad van het departement Vriesland	Advertentie	advertentie	0.6905537459283387	nl	12_Bagger_OCR	\N	Regionaal/lokaal	\N	\N
ddd:010579388:mpeg21:a0010	1812	Journal du département de la Frise = Dagblad van het departement Vriesland	PARYS, den 8 Maart. KEIZERKLYKE DECRETEN.	artikel	0.8098591549295775	nl	12_Bagger_OCR	\N	Regionaal/lokaal	\N	\N
ddd:010583179:mpeg21:a0019	1844	Leeuwarder courant	Familiebericht	familiebericht	0.8053097345132744	nl	11_Nobeast	\N	Regionaal/lokaal	\N	\N
ddd:010583181:mpeg21:a0017	1844	Leeuwarder courant	Familiebericht	familiebericht	0.850925925925926	nl	11_Nobeast	\N	Regionaal/lokaal	\N	\N
ddd:010584684:mpeg21:a0029	1858	Leeuwarder courant	Advertentie	advertentie	0.8329519450800915	nl	12_Bagger_OCR	\N	Regionaal/lokaal	\N	\N
ddd:010586006:mpeg21:a0047	1870	Leeuwarder courant	LEEUWARDEN, 29 Augustus.	artikel	0.8783783783783784	nl	11_Nobeast	\N	Regionaal/lokaal	\N	\N
ddd:010586018:mpeg21:a0027	1870	Leeuwarder courant	Advertentie	advertentie	0.7288557213930348	nl	11_Nobeast	\N	Regionaal/lokaal	\N	\N
ddd:010586188:mpeg21:a0015	1871	Leeuwarder courant	Advertentie	advertentie	0.636986301369863	nl	11_Nobeast	\N	Regionaal/lokaal	\N	\N
ddd:010586655:mpeg21:a0011	1874	Leeuwarder courant	Advertentie	advertentie	0.8710144927536232	nl	12_Bagger_OCR	\N	Regionaal/lokaal	\N	\N
ddd:010587596:mpeg21:a0064	1880	Leeuwarder courant	Advertentie	advertentie	0.8629213483146068	nl	12_Bagger_OCR	\N	Regionaal/lokaal	\N	\N
ddd:010591743:mpeg21:a0012	1893	Leeuwarder courant	AMSTERDAM, 14 October.	artikel	0.4491525423728814	en	12_Bagger_OCR	\N	Regionaal/lokaal	\N	\N
ddd:010656547:mpeg21:a0229	1923	Algemeen Handelsblad	En wij noteeren : Ingestikte plooien voor	artikel	0.8853503184713376	nl	06_Hunt_economical	\N	Landelijk	\N	\N
ddd:010588234:mpeg21:a0016	1882	Leeuwarder courant	Advertentie	advertentie	0.7010309278350515	nl	11_Nobeast	\N	Regionaal/lokaal	\N	\N
ddd:010588528:mpeg21:a0042	1883	Leeuwarder courant	Advertentie	advertentie	0.7832512315270936	nl	11_Nobeast	\N	Regionaal/lokaal	\N	\N
ddd:010589442:mpeg21:a0047	1886	Leeuwarder courant	Advertentie	advertentie	0.6829896907216495	nl	11_Nobeast	\N	Regionaal/lokaal	\N	\N
ddd:010589566:mpeg21:a0020	1886	Leeuwarder courant	Liberale Centrale Vergadering te Sneek 21 September.	artikel	0.781582054309327	nl	12_Bagger_OCR	\N	Regionaal/lokaal	\N	\N
ddd:010590403:mpeg21:a0017	1889	Leeuwarder courant	Advertentie	advertentie	0.7932692307692307	nl	12_Bagger_OCR	\N	Regionaal/lokaal	\N	\N
ddd:010592380:mpeg21:a0031	1895	Leeuwarder courant	Provinciale Staten van Friesland. Dinsdag 12 November.	artikel	0.9494457961611247	nl	11_Nobeast	\N	Regionaal/lokaal	\N	\N
ddd:010592780:mpeg21:a0008	1897	Leeuwarder courant	KERK- EN SCHOOLNIEUWS.	artikel	0.8126721763085399	nl	11_Nobeast	\N	Regionaal/lokaal	\N	\N
ddd:010597152:mpeg21:a0058	1904	Leeuwarder courant	Provinciale Staten van Friesland. Slot-Vergadering van Woensdag 16 November. Provinciaal reglement van politie.	artikel	0.9104516806722689	nl	11_Nobeast	\N	Regionaal/lokaal	\N	\N
ddd:010597257:mpeg21:a0015	1905	Leeuwarder courant	De oorlog in Oost Azië.	artikel	0.8432708688245315	nl	12_Bagger_OCR	\N	Regionaal/lokaal	\N	\N
ddd:010667058:mpeg21:a0018	1915	Nieuwsblad van het Noorden	Op Zee.	artikel	0.890652557319224	nl	12_Bagger_OCR	\N	Regionaal/lokaal	\N	\N
ddd:010669254:mpeg21:a0045	1926	Nieuwsblad van het Noorden	Modeshow.	artikel	0.9020833333333333	nl	06_Hunt_economical	\N	Regionaal/lokaal	\N	\N
ddd:010598735:mpeg21:a0065	1910	Leeuwarder courant	Verharding van den zandweg onder Oudeschoot.	artikel	0.9621451104100947	nl	11_Nobeast	\N	Regionaal/lokaal	\N	\N
ddd:010599337:mpeg21:a0014	1912	Leeuwarder courant	Provinciale Staten van Friesland.	artikel	0.8921001926782274	nl	11_Nobeast	\N	Regionaal/lokaal	\N	\N
ddd:010603114:mpeg21:a0032	1924	Leeuwarder courant	Familiebericht	familiebericht	0.762962962962963	nl	12_Bagger_OCR	\N	Regionaal/lokaal	\N	\N
ddd:010606663:mpeg21:a0105	1936	Leeuwarder courant	KERK EN SCHOOL, BENOEMINGEN, ENZ.	artikel	0.7271662763466042	nl	12_Bagger_OCR	\N	Regionaal/lokaal	\N	\N
ddd:010606737:mpeg21:a0064	1936	Leeuwarder courant	Beurs van Amsterdam.	artikel	0.5628205128205128	en	12_Bagger_OCR	\N	Regionaal/lokaal	\N	\N
ddd:010607602:mpeg21:a0066	1939	Leeuwarder courant	Advertentie	advertentie	0.8502495840266223	nl	11_Nobeast	\N	Regionaal/lokaal	\N	\N
ddd:010648079:mpeg21:a0010	1901	Algemeen Handelsblad	BINNENLAND. AiIöTEBDAM, Donderdag 10 October Tweede Kamer.	artikel	0.934819897084048	nl	11_Nobeast	\N	Landelijk	\N	\N
ddd:010649719:mpeg21:a0011	1905	Algemeen Handelsblad	Voogdijraden.	artikel	0.8732568949488689	nl	11_Nobeast	\N	Landelijk	\N	\N
ddd:010719540:mpeg21:a0007	1803	Amsterdamse courant	Advertentie	advertentie	0.6296296296296297	nl	12_Bagger_OCR	\N	Regionaal/lokaal	\N	\N
ddd:010746275:mpeg21:a0107	1934	Leeuwarder nieuwsblad : goedkoop advertentieblad	De Voorjaarsmode.	artikel	0.8926174496644296	nl	06_Hunt_economical	\N	Regionaal/lokaal	\N	\N
ddd:010762801:mpeg21:a0138	1932	Leeuwarder nieuwsblad : goedkoop advertentieblad	In de andere provinciën.	artikel	0.8933002481389578	nl	11_Nobeast	\N	Regionaal/lokaal	\N	\N
ddd:010785570:mpeg21:a0005	1831	Drentsche courant	's GRAVENHAGE, den 5 Mei.	artikel	0.9022222222222223	nl	12_Bagger_OCR	\N	Regionaal/lokaal	\N	\N
ddd:010804145:mpeg21:a0002	1816	Utrechtsche courant	DENEMARKEN.	artikel	0.6893203883495146	nl	11_Nobeast	\N	Regionaal/lokaal	\N	\N
ddd:010804602:mpeg21:a0002	1818	Utrechtsche courant	DUITSCHLAND.	artikel	0.6352611940298507	nl	12_Bagger_OCR	\N	Regionaal/lokaal	\N	\N
ddd:010813595:mpeg21:a0006	1809	Utrechtsche courant	Geallieerde Armée. In het Hoofdwartier te Lublin den 14 Mey. Generaal-staf. Soldaaten	artikel	0.6956521739130435	nl	12_Bagger_OCR	\N	Regionaal/lokaal	\N	\N
ddd:010867812:mpeg21:a0004	1806	Haagsche courant	Advertentie	advertentie	0.6666666666666666	nl	12_Bagger_OCR	\N	Regionaal/lokaal	\N	\N
ddd:010891128:mpeg21:a0091	1908	Nieuwsblad van het Noorden	Advertentie	advertentie	0.7769230769230769	nl	12_Bagger_OCR	\N	Regionaal/lokaal	\N	\N
ddd:010900956:mpeg21:a0008	1811	Journal du département des bouches du Rhin	VARIÉTÉS.	artikel	0.7439393939393939	fr	12_Bagger_OCR	\N	Regionaal/lokaal	\N	\N
ddd:010919452:mpeg21:a0002	1821	Leydse courant	ITALIEN.	artikel	0.6277894736842106	nl	12_Bagger_OCR	\N	Regionaal/lokaal	\N	\N
ddd:010938393:mpeg21:a0004	1828	Surinaamsche courant	BUITENLANDSCHE BERIGTEN. Getrokken uit de Hollandsche Couranten. FRANKRIJK. Parijs, den 7 December.	artikel	0.7136812411847673	nl	12_Bagger_OCR	\N	Suriname	\N	\N
ddd:010943805:mpeg21:a0009	1840	Surinaamsche courant	Mengelingen. IETS NADERS OMTRENT DE OUDE BATAVIEREN.	artikel	0.7484795829713293	nl	12_Bagger_OCR	\N	Suriname	\N	\N
ddd:010944358:mpeg21:a0003	1858	Surinaamsche courant en Gouvernements advertentie blad	Advertentie	advertentie	0.797270955165692	nl	12_Bagger_OCR	\N	Suriname	\N	\N
ddd:010973523:mpeg21:a0058	1884	Algemeen Handelsblad	Onderstaande berichten zijn reeds in een gedeelte onzer vorige oplage medegedeeld. STATEN-GENERAAL. TWEEDE KAMER. Zitting van heden Woensdag 12 Maart Geopend te 1½ uur. Rechterlijke Wetten.	artikel	0.8717948717948718	nl	11_Nobeast	\N	Landelijk	\N	\N
ddd:010973847:mpeg21:a0089	1896	Algemeen Handelsblad	Berichten van 17 Aug.	artikel	0.6864406779661016	de	11_Nobeast	\N	Landelijk	\N	\N
ddd:010974826:mpeg21:a0150	1907	Algemeen Handelsblad	OFFICIEELE PRIJSCOURANT der Vereeniging voor den Eflectenhandel. AMSTERDAM 21 NOVEMBER 1907.	artikel	0.5184860697389171	en	12_Bagger_OCR	\N	Landelijk	\N	\N
ddd:010980902:mpeg21:a0003	1858	Rotterdamsche courant	KEULEN den 9 december.	artikel	0.8962025316455696	nl	12_Bagger_OCR	\N	Regionaal/lokaal	\N	\N
ddd:010994334:mpeg21:a0088	1908	Nieuwe Tilburgsche Courant	De gevaren van het kapperssalon.	artikel	0.7737355811889973	nl	12_Bagger_OCR	\N	Regionaal/lokaal	\N	\N
ddd:110540578:mpeg21:a0039	1897	De Telegraaf	Leger en Marine.	artikel	0.6756756756756757	nl	12_Bagger_OCR	\N	Landelijk	\N	\N
ddd:011002238:mpeg21:a0077	1930	Rotterdamsch nieuwsblad	Advertentie	advertentie	0.6264705882352941	nl	12_Bagger_OCR	\N	Regionaal/lokaal	\N	\N
ddd:011005788:mpeg21:a0043	1879	Rotterdamsche courant	Kerknieuws.	artikel	0.7822878228782287	nl	11_Nobeast	\N	Regionaal/lokaal	\N	\N
ddd:011006964:mpeg21:a0006	1881	Rotterdamsch nieuwsblad	Gemengd NIEUWS.	artikel	0.8317008014247551	nl	12_Bagger_OCR	\N	Regionaal/lokaal	\N	\N
ddd:011031373:mpeg21:a0055	1896	Bataviaasch nieuwsblad	GEMENGDE BERICHTEN.	artikel	0.6487455197132617	nl	12_Bagger_OCR	\N	Nederlands-Indië / Indonesië	\N	\N
ddd:011032543:mpeg21:a0065	1900	Bataviaasch nieuwsblad	1STS OVER VECHTEN EN ARBITRAGE.	artikel	0.7447495961227787	nl	12_Bagger_OCR	\N	Nederlands-Indië / Indonesië	\N	\N
ddd:011032858:mpeg21:a0010	1899	Bataviaasch nieuwsblad	Ramp te Ceram.	artikel	0.7502671891699323	nl	12_Bagger_OCR	\N	Nederlands-Indië / Indonesië	\N	\N
ddd:011032897:mpeg21:a0069	1899	Bataviaasch nieuwsblad	AMSTERDAMSCHE BRIEVEN.	artikel	0.8770618556701031	nl	12_Bagger_OCR	\N	Nederlands-Indië / Indonesië	\N	\N
ddd:011069700:mpeg21:a0005	1888	De standaard	Uitvoer van Gelderech vee.	artikel	0.7535714285714286	nl	12_Bagger_OCR	\N	Landelijk	\N	\N
ddd:011073350:mpeg21:a0104	1933	Bataviaasch nieuwsblad	Advertentie	advertentie	0.4672131147540984	nl	12_Bagger_OCR	\N	Nederlands-Indië / Indonesië	\N	\N
ddd:011181870:mpeg21:a0030	1884	De Volksvriend	Advertentie	advertentie	0.3911290322580645	en	12_Bagger_OCR	\N	Verenigde Staten	\N	\N
ddd:011102080:mpeg21:a0022	1876	Sumatra-courant : nieuws- en advertentieblad	Advertentie	advertentie	0.42761692650334077	en	12_Bagger_OCR	\N	Nederlands-Indië / Indonesië	\N	\N
ddd:011109431:mpeg21:a0287	1931	Soerabaijasch handelsblad	Modepraatje. Kleinigheden.	artikel	0.8939873417721519	nl	06_Hunt_economical	\N	Nederlands-Indië / Indonesië	\N	\N
ddd:011116710:mpeg21:a0014	1932	Het volk : dagblad voor de arbeiderspartĳ	Berlijn wacht op een verrassing Slaagt Tagger ditmaal Tooneel-perikelen	artikel	0.9142259414225942	nl	06_Hunt_economical	\N	Landelijk	\N	\N
ddd:011137924:mpeg21:a0076	1902	Soerabaijasch handelsblad	Advertentie	advertentie	0.6079545454545454	nl	12_Bagger_OCR	\N	Nederlands-Indië / Indonesië	\N	\N
ddd:011168094:mpeg21:a0067	1923	De Gooi- en Eemlander : nieuws- en advertentieblad	Feuilleton. Annie Tousey's list. 1	artikel	0.8813725490196078	nl	02_Nuisance_material	\N	Regionaal/lokaal	\N	\N
ddd:011172129:mpeg21:a0221	1936	De Gooi- en Eemlander : nieuws- en advertentieblad	Afstand doen Een klein kindje ging voor 't eerst naar school	artikel	0.9818181818181818	nl	06_Hunt_economical	\N	Regionaal/lokaal	\N	\N
ddd:011178821:mpeg21:a0009	1872	De grondwet	Advertentie	advertentie	0.662621359223301	nl	12_Bagger_OCR	\N	Verenigde Staten	\N	\N
ddd:011180395:mpeg21:a0034	1899	De Volksstem	Beslist ten Gunste van Aartsbisschop Ireland.	artikel	0.9156118143459916	nl	12_Bagger_OCR	\N	Verenigde Staten	\N	\N
ddd:011180593:mpeg21:a0040	1909	De Volksstem	Uit Chicago.	artikel	0.8871331828442438	nl	12_Bagger_OCR	\N	Verenigde Staten	\N	\N
ddd:011181550:mpeg21:a0044	1886	De Volksvriend	Advertentie	advertentie	0.6826347305389222	nl	12_Bagger_OCR	\N	Verenigde Staten	\N	\N
ddd:011181553:mpeg21:a0019	1886	De Volksvriend	Advertentie	advertentie	0.6566265060240963	nl	12_Bagger_OCR	\N	Verenigde Staten	\N	\N
ddd:011181782:mpeg21:a0029	1882	De Volksvriend	CORRESPONDENTIE.	artikel	0.8614864864864865	nl	12_Bagger_OCR	\N	Verenigde Staten	\N	\N
ddd:110540466:mpeg21:a0071	1897	De Telegraaf	Binnenlandsche Markt- en Vischberichten.	artikel	0.5952380952380952	nl	12_Bagger_OCR	\N	Landelijk	\N	\N
ddd:011195062:mpeg21:a0008	1880	Surinaamsche courant en Gouvernements advertentie blad	Advertentie	advertentie	0.5727699530516432	nl		\N	Suriname	\N	\N
ddd:011191850:mpeg21:a0003	1853	Surinaamsche courant en Gouvernements advertentie blad	Gouvernements – Secretarie.	artikel	0.5255102040816326	nl	11_Nobeast	\N	Suriname	\N	\N
ddd:011195114:mpeg21:a0002	1880	Surinaamsche courant en Gouvernements advertentie blad	Niet Officieel Gedeelte.	artikel	0.782505105513955	nl	12_Bagger_OCR	\N	Suriname	\N	\N
ddd:011213504:mpeg21:a0027	1899	Nieuwe Surinaamsche courant	Advertentie	advertentie	0.37	en	12_Bagger_OCR	\N	Suriname	\N	\N
ddd:110532117:mpeg21:a0047	1861	Bataviaasch handelsblad	Advertentie	advertentie	0.5223300970873787	nl	12_Bagger_OCR	\N	Nederlands-Indië / Indonesië	\N	\N
ddd:110532720:mpeg21:a0041	1868	Bataviaasch handelsblad	FRANSCHE BRIEVEN.	artikel	0.7211538461538461	nl	12_Bagger_OCR	\N	Nederlands-Indië / Indonesië	\N	\N
ddd:110537491:mpeg21:a0062	1893	De Telegraaf	GOEDERENMARKT.	artikel	0.542156862745098	nl	12_Bagger_OCR	\N	Landelijk	\N	\N
ddd:110537661:mpeg21:a0022	1894	De Telegraaf	Loonbeweging der Typografen.	artikel	0.7648456057007126	nl	12_Bagger_OCR	\N	Landelijk	\N	\N
ddd:110538012:mpeg21:a0017	1893	De Telegraaf	Zieke paarden.	artikel	0.6070038910505836	nl	12_Bagger_OCR	\N	Landelijk	\N	\N
ddd:110538358:mpeg21:a0011	1894	De Telegraaf	De heer dr. R. P. Mees R.Az. schrijf	artikel	0.8241758241758241	nl	11_Nobeast	\N	Landelijk	\N	\N
ddd:110538915:mpeg21:a0069	1895	De Telegraaf	SCHEEPSTIJDINGEN.	artikel	0.5355964167845356	nl	12_Bagger_OCR	\N	Landelijk	\N	\N
ddd:110539997:mpeg21:a0162	1896	De Telegraaf	VERSLAGEN. EERSTE KAMER.	artikel	0.7046332046332047	nl	12_Bagger_OCR	\N	Landelijk	\N	\N
ddd:110540500:mpeg21:a0056	1897	De Telegraaf	MILITAIR DEPARTEMENT.	artikel	0.7797202797202797	nl	12_Bagger_OCR	\N	Landelijk	\N	\N
ddd:110541527:mpeg21:a0011	1898	De Telegraaf	Provinciale Staten.	artikel	0.6967871485943775	nl	12_Bagger_OCR	\N	Landelijk	\N	\N
ddd:110541667:mpeg21:a0051	1898	De Telegraaf	Aanbestedingen.	artikel	0.6219178082191781	nl	12_Bagger_OCR	\N	Landelijk	\N	\N
ddd:110556024:mpeg21:a0091	1908	De Telegraaf	OFFICIEELE PRIJSCOURANT der Vereeniging v.d. Effectenhandel.	artikel	0.4197426106632725	en	12_Bagger_OCR	\N	Landelijk	\N	\N
ddd:110556362:mpeg21:a0092	1909	De Telegraaf	BEURS VAN AMSTERDAM.	artikel	0.515736040609137	nl	12_Bagger_OCR	\N	Landelijk	\N	\N
ddd:110555155:mpeg21:a0049	1899	De Telegraaf	Commissie.	artikel	0.6395348837209303	nl		\N	Landelijk	\N	\N
ddd:110546443:mpeg21:a0170	1912	De Telegraaf	Voetbal in Engeland.	artikel	0.610989010989011	nl	12_Bagger_OCR	\N	Landelijk	\N	\N
ddd:110547560:mpeg21:a0185	1913	De Telegraaf	FINANCIËN EN ECONOMIE. Financieel Weekoverzicht. AMSTERDAM, 5 December 1913.	artikel	0.5970443349753695	nl	12_Bagger_OCR	\N	Landelijk	\N	\N
ddd:110547598:mpeg21:a0040	1914	De Telegraaf	De „Popolo Romano&quot; en de Oostenrijksche Nota.	artikel	0.735632183908046	nl	12_Bagger_OCR	\N	Landelijk	\N	\N
ddd:110550218:mpeg21:a0036	1918	De Telegraaf	Advertentie	advertentie	0.7824561403508772	nl	12_Bagger_OCR	\N	Landelijk	\N	\N
ddd:110550445:mpeg21:a0083	1919	De Telegraaf	De mannen die de overwinning bewerkten. MAURICE BARRÈS.	artikel	0.8551401869158879	nl	12_Bagger_OCR	\N	Landelijk	\N	\N
ddd:110550559:mpeg21:a0107	1919	De Telegraaf	OFFICIEELE PRIJSCOURANT	artikel	0.3700724054706356	en	12_Bagger_OCR	\N	Landelijk	\N	\N
ddd:110550891:mpeg21:a0138	1920	De Telegraaf	KUNST EN LETTEREN. HET TOONEELVERBOND VIERT FEEST In vijs jaar: 2 „gesaagde” leerlingen; kosten ƒ 65.000.	artikel	0.816711590296496	nl	12_Bagger_OCR	\N	Landelijk	\N	\N
ddd:110553142:mpeg21:a0038	1903	De Telegraaf	KUNSTEN EN WETENSCHAPPEN. KUNST- EN LETTERNIEUWS. Lucia van Lammermoor.	artikel	0.7385398981324278	nl	12_Bagger_OCR	\N	Landelijk	\N	\N
ddd:110553277:mpeg21:a0010	1903	De Telegraaf	...	artikel	0.6961325966850829	nl	12_Bagger_OCR	\N	Landelijk	\N	\N
ddd:110554441:mpeg21:a0132	1904	De Telegraaf	Kon. Ver van gepensionneerde Officieren.	artikel	0.5535714285714286	nl	12_Bagger_OCR	\N	Landelijk	\N	\N
ddd:110555005:mpeg21:a0066	1899	De Telegraaf	Advertentie	advertentie	0.6912114014251781	nl	12_Bagger_OCR	\N	Landelijk	\N	\N
ddd:110555515:mpeg21:a0031	1900	De Telegraaf	Advertentie	advertentie	0.7389162561576355	nl	12_Bagger_OCR	\N	Landelijk	\N	\N
ddd:110555697:mpeg21:a0187	1908	De Telegraaf	SCHEEPSTIJDINGEN.	artikel	0.6943064577760795	nl	12_Bagger_OCR	\N	Landelijk	\N	\N
ddd:110557693:mpeg21:a0019	1902	De Telegraaf	De aanvaring op de Maas voor Rotterdam.	artikel	0.8296296296296296	nl	12_Bagger_OCR	\N	Landelijk	\N	\N
ddd:110558104:mpeg21:a0190	1909	De Telegraaf	Ind. en Fin.-Ondernemingen	artikel	0.32618683001531396	en	12_Bagger_OCR	\N	Landelijk	\N	\N
ddd:110558387:mpeg21:a0120	1909	De Telegraaf	SCHEEPSTIJDINGEN.	artikel	0.597872340425532	af	12_Bagger_OCR	\N	Landelijk	\N	\N
ddd:110559136:mpeg21:a0106	1909	De Telegraaf	OFFICIEELE PRIJSCOURANT.	artikel	0.39728231718219204	it	12_Bagger_OCR	\N	Landelijk	\N	\N
ddd:110559214:mpeg21:a0148	1909	De Telegraaf	In 't Naardermeer.	artikel	0.725	nl	12_Bagger_OCR	\N	Landelijk	\N	\N
ddd:110559544:mpeg21:a0030	1907	De Telegraaf	Advertentie	advertentie	0.673992673992674	nl	12_Bagger_OCR	\N	Landelijk	\N	\N
ddd:110562716:mpeg21:a0160	1924	De Telegraaf	Advertentie	advertentie	0.5409836065573771	nl	12_Bagger_OCR	\N	Landelijk	\N	\N
ddd:110563188:mpeg21:a0015	1928	De Telegraaf	Advertentie	advertentie	0.5895316804407713	nl	12_Bagger_OCR	\N	Landelijk	\N	\N
ddd:110564214:mpeg21:a0001	1924	De Telegraaf	DE CONFERENTIE TE LONDEN. BESLUITEN DER PLENAIRE ZITTING. EEN COMMISSIE VAN JURIDISCHE EXPERTS BENOEMD. NAAR DEELNEMING VAN DUITSCHLAND.	artikel	0.8206136900078678	nl	12_Bagger_OCR	\N	Landelijk	\N	\N
ddd:110564633:mpeg21:a0269	1925	De Telegraaf	Westelijke 1e klasse Noord.	artikel	0.8295042321644498	nl	12_Bagger_OCR	\N	Landelijk	\N	\N
ddd:110564695:mpeg21:a0138	1926	De Telegraaf	Mantels.	artikel	0.6395348837209303	nl	12_Bagger_OCR	\N	Landelijk	\N	\N
ddd:110565421:mpeg21:a0352	1928	De Telegraaf	Noodlottig succes.	artikel	0.8506787330316742	nl	06_Hunt_economical	\N	Landelijk	\N	\N
ddd:110566184:mpeg21:a0048	1928	De Telegraaf	Advertentie	advertentie	0.5303030303030303	nl	12_Bagger_OCR	\N	Landelijk	\N	\N
ddd:110569103:mpeg21:a0042	1861	Bataviaasch handelsblad	Schepen in Lading.	artikel	0.7164750957854407	nl	12_Bagger_OCR	\N	Nederlands-Indië / Indonesië	\N	\N
ddd:110569197:mpeg21:a0119	1929	De Telegraaf	COMENIUS' GRAF TE NAARDEN. Vereerders van den grooten Cech betreuren den strijd.	artikel	0.9135399673735726	nl	12_Bagger_OCR	\N	Landelijk	\N	\N
ddd:010003351:mpeg21:a0001	1910	Het Centrum	Het Roomsche Schild.	artikel	0.802930402930403	nl	11_Nobeast	\N	Landelijk	\N	\N
ddd:010229333:mpeg21:a0257	1931	Het nieuws van den dag voor Nederlandsch-Indië	Onze Parijsche Brief.	artikel	0.8810848400556328	nl	11_Nobeast	\N	Nederlands-Indië / Indonesië	\N	\N
ddd:010007628:mpeg21:a0010	1922	Het Vaderland : staat- en letterkundig nieuwsblad	BEGRAFENIS MR. H. BINNERTS.	artikel	0.9278131634819533	nl	11_Nobeast	\N	Landelijk	\N	\N
ddd:010031241:mpeg21:a0109	1910	Nieuwe Rotterdamsche Courant	„Kezing in Sittard.&quot; Onder de Menschen.	artikel	0.8177641653905053	nl	12_Bagger_OCR	\N	Landelijk	\N	\N
ddd:010034681:mpeg21:a0174	1916	Nieuwe Rotterdamsche Courant	Avondblad, A. Letteren en Kunst. „The Old Vie&quot;.	artikel	0.6133942161339422	nl	12_Bagger_OCR	\N	Landelijk	\N	\N
ddd:010036337:mpeg21:a0108	1918	Nieuwe Rotterdamsche Courant	Kerkniwuws.	artikel	0.698051948051948	nl	12_Bagger_OCR	\N	Landelijk	\N	\N
ddd:110571321:mpeg21:a0167	1932	De Telegraaf	Advertentie	advertentie	0.6267123287671232	nl	12_Bagger_OCR	\N	Landelijk	\N	\N
ddd:110572348:mpeg21:a0114	1934	De Telegraaf	„We lieten ze maar loope&quot;	artikel	0.9080675422138836	nl	12_Bagger_OCR	\N	Landelijk	\N	\N
ddd:110572621:mpeg21:a0434	1935	De Telegraaf	Bredero’s faam in den loop der tijden. Zonderlinge oordeelen, tot in onze dagen toe. DE LIEDJESDICHTER TE WEINIG GEWAARDEERD.	artikel	0.899390243902439	nl	12_Bagger_OCR	\N	Landelijk	\N	\N
ddd:110577730:mpeg21:a0028	1937	De Telegraaf	Advertentie	advertentie	0.7213114754098361	nl	06_Hunt_economical	\N	Landelijk	\N	\N
ddd:110618559:mpeg21:a0044	1892	Bataviaasch nieuwsblad	RECHTZAKEN.	artikel	0.9446153846153846	nl	12_Bagger_OCR	\N	Nederlands-Indië / Indonesië	\N	\N
ddd:110619778:mpeg21:a0102	1883	De grondwet	FRUITFARM TE KOOP.	artikel	0.6875	nl	12_Bagger_OCR	\N	Verenigde Staten	\N	\N
ddd:110620625:mpeg21:a0149	1898	De grondwet	Een dag uit m'jn leven.	artikel	0.8732071141709696	nl	12_Bagger_OCR	\N	Landelijk	\N	\N
ddd:010056880:mpeg21:a0006	1842	Dagblad van 's Gravenhage	NEDERLANDEN.	artikel	0.8816397228637414	nl	12_Bagger_OCR	\N	Regionaal/lokaal	\N	\N
ddd:010129695:mpeg21:a0160	1902	Het nieuws van den dag : kleine courant	Merkwaardige Almperatuurverdeeling.	artikel	0.8639344262295082	nl	12_Bagger_OCR	\N	Regionaal/lokaal	\N	\N
ddd:010144989:mpeg21:a0002	1886	Algemeen Handelsblad	De taak der politie.	artikel	0.9516423357664233	nl	12_Bagger_OCR	\N	Landelijk	\N	\N
ddd:010229084:mpeg21:a0196	1931	Het nieuws van den dag voor Nederlandsch-Indië	Onze Parifsche Brief.	artikel	0.9150552486187845	nl	06_Hunt_economical	\N	Nederlands-Indië / Indonesië	\N	\N
ddd:010240031:mpeg21:a0019	1810	Koninklĳke courant	Advertentie	advertentie	0.7194710185706247	nl	12_Bagger_OCR	\N	Landelijk	\N	\N
ddd:010265224:mpeg21:a0049	1879	De Tĳd : godsdienstig-staatkundig dagblad	Advertentie	advertentie	0.834375	nl	12_Bagger_OCR	\N	Landelijk	\N	\N
ddd:010469282:mpeg21:a0044	1917	De tribune : soc. dem. weekblad	TWEEDE KAMER.	artikel	0.8515901060070671	nl	12_Bagger_OCR	\N	Landelijk	\N	\N
ddd:010514465:mpeg21:a0025	1928	Rotterdamsch nieuwsblad	VOOR DE DAMES.	artikel	0.9187582562747688	nl	12_Bagger_OCR	\N	Regionaal/lokaal	\N	\N
ddd:010579068:mpeg21:a0012	1809	Leeuwarder courant	Advertentie	advertentie	0.6970128022759602	nl	12_Bagger_OCR	\N	Regionaal/lokaal	\N	\N
ddd:010580961:mpeg21:a0013	1822	Leeuwarder courant	Advertentie	advertentie	0.845231296402056	nl	12_Bagger_OCR	\N	Regionaal/lokaal	\N	\N
ddd:010587971:mpeg21:a0002	1881	Leeuwarder courant	BINNENLAND. LEEUWARDEN, 20 Julij. Provinciale Staten.	artikel	0.9175144349738795	nl	11_Nobeast	\N	Regionaal/lokaal	\N	\N
ddd:010598720:mpeg21:a0019	1910	Leeuwarder courant	Tweede vervolglijst.	artikel	0.9231332357247438	nl	12_Bagger_OCR	\N	Regionaal/lokaal	\N	\N
MMSADB01:000013359:mpeg21:a0066	1927	Provinciale Noordbrabantsche en 's Hertogenbossche courant	Voor de Vrouwen. MODE BIJ DE PAPOEA'S.	artikel	0.9409499358151476	nl	06_Hunt_economical	\N	Regionaal/lokaal	\N	\N
ddd:010599033:mpeg21:a0012	1911	Leeuwarder courant	Provinciale Staten van Friesland.	artikel	0.9112942317014057	nl	11_Nobeast	\N	Regionaal/lokaal	\N	\N
ddd:010671809:mpeg21:a0009	1839	Surinaamsche courant : letterkundig dagblad	Engeland. Londen, 12 December.	artikel	0.8360655737704918	nl	12_Bagger_OCR	\N	Suriname	\N	\N
ddd:010735840:mpeg21:a0139	1904	Nieuwsblad van Friesland : Hepkema's courant	Rechtbank Heerenveen. 8 Dec. Willemsoord.	artikel	0.933695652173913	nl	11_Nobeast	\N	Regionaal/lokaal	\N	\N
ddd:010946701:mpeg21:a0004	1834	Nieuwe Surinaamsche courant en letterkundig dagblad	Duitschland.	artikel	0.8050532573693336	nl	12_Bagger_OCR	\N	Suriname	\N	\N
ddd:011087640:mpeg21:a0001	1887	Soerabaijasch handelsblad	Pogingen tot ontdekking van tinerts op M'dden Flores en hare resultaten. Geschreven voor het Soer. H.B.	artikel	0.8998855835240275	nl	11_Nobeast	\N	Nederlands-Indië / Indonesië	\N	\N
ddd:011181840:mpeg21:a0006	1883	De Volksvriend	Advertentie	advertentie	0.4273255813953488	en	12_Bagger_OCR	\N	Verenigde Staten	\N	\N
ddd:011182151:mpeg21:a0028	1879	De Volksvriend	DE GESCHIEDENIS VAN SIOUX COUNTY door Eerw. J.W. Warnshuis De tuin van noordwestelijk Iowa eene kolonie van Nederlanders gevestigd in het oostelijk gedeelte van het graafschap. DE KOLONIE DER NEDERLAEDERS.	artikel	0.8846701471286189	nl	12_Bagger_OCR	\N	Verenigde Staten	\N	\N
ddd:110541749:mpeg21:a0045	1898	De Telegraaf	LAGER ONDERWIJS.	artikel	0.4473684210526316	nl	12_Bagger_OCR	\N	Landelijk	\N	\N
ddd:110556614:mpeg21:a0031	1900	De Telegraaf	Verdreven Z.A.S. M. personnel.	artikel	0.6078886310904872	nl	12_Bagger_OCR	\N	Landelijk	\N	\N
ddd:110563245:mpeg21:a0278	1928	De Telegraaf	RUSSISCHE MANGAANEXPORT.	artikel	0.75	nl	11_Nobeast	\N	Landelijk	\N	\N
ddd:110598954:mpeg21:a0162	1934	De Graafschap-bode : nieuws- en advertentieblad voor stad- en ambt-Doetinchem, Hummelo en Keppel, Wehl, Zeddam, 's Heerenberg, Ulft, Gendringen, Sillevolde, Terborg, Varsseveld, Dinxperlo, Aalten, Breedevoorde, Lichtenvoorde, Groenlo, Neede, Eibergen, Bor	De teelt van zilvervossen in Nederland. Thans reeds circa 100 „farms&quot;.	artikel	0.885558583106267	nl	06_Hunt_economical	\N	Regionaal/lokaal	\N	\N
KBDDD02:000212901:mpeg21:a0005	1862	De Curaçaosche courant	Advertentie	advertentie	0.8617363344051447	af	12_Bagger_OCR	\N	Nederlandse Antillen	\N	\N
MMCODA01:000156252:mpeg21:a0038	1932	Nieuwe Apeldoornsche courant	VOOR DE VROUW. De vrouw van heden.	artikel	0.94148244473342	nl	12_Bagger_OCR	\N	Regionaal/lokaal	\N	\N
MMKB04:000149483:mpeg21:a0186	1937	Haagsche courant	HAAGSCHE COURANT Zaterdag 9 October 1937. No. 16771. ZEVENDE BLAD. KENNISGEVINGEN. Hinderwet.	artikel	0.7750716332378224	nl	12_Bagger_OCR	\N	Regionaal/lokaal	\N	\N
MMKB04:000189493:mpeg21:a0064	1907	De Maasbode	Uit de Pers. DE FRIESCHE GEDEPUTEERDEN EN DE KAMERZETEL VAN Mr. VAN HOUTEN.	artikel	0.9283707865168539	nl	11_Nobeast	\N	Regionaal/lokaal	\N	\N
