ddd:011005724:mpeg21:a0014	1879	Rotterdamsche courant	Advertentie	advertentie	0.6770833333333334	nl	12_Bagger_OCR	\N	Regionaal/lokaal	\N	\N
MMCODA01:000154599:mpeg21:a0033	1927	Nieuwe Apeldoornsche courant	Advertentie	advertentie	0.7361963190184049	nl	06_Hunt_economical	\N	Regionaal/lokaal	\N	\N
MMCODA01:000154603:mpeg21:a0042	1927	Nieuwe Apeldoornsche courant	Advertentie	advertentie	0.7593360995850622	nl	06_Hunt_economical	\N	Regionaal/lokaal	\N	\N
MMCODA01:000154604:mpeg21:a0030	1927	Nieuwe Apeldoornsche courant	Advertentie	advertentie	0.5777777777777777	nl	06_Hunt_economical	\N	Regionaal/lokaal	\N	\N
MMDA03:000111726:mpeg21:a0124	1926	Provinciale Drentsche en Asser courant	Advertentie	advertentie	0.8109965635738832	nl	06_Hunt_economical	\N	Regionaal/lokaal	\N	\N
MMDA03:000111732:mpeg21:a0097	1926	Provinciale Drentsche en Asser courant	L. W. VOPEL	advertentie	0.5974025974025974	de	06_Hunt_economical	\N	Regionaal/lokaal	\N	\N
MMGAVL01:000007011:mpeg21:a0026	1921	Nieuwe Venlosche courant	Advertentie	advertentie	0.7807017543859649	nl	06_Hunt_economical	\N	Regionaal/lokaal	\N	\N
MMKB04:000137559:mpeg21:a0064	1909	Haagsche courant	Advertentie	advertentie	0.8231511254019293	nl	06_Hunt_economical	\N	Regionaal/lokaal	\N	\N
ddd:010668194:mpeg21:a0015	1920	Nieuwsblad van het Noorden	Gemengde berichten.	artikel	0.9128959276018099	nl	06_Hunt_economical	\N	Regionaal/lokaal	\N	\N
MMCODA01:000157413:mpeg21:a0047	1935	Nieuwe Apeldoornsche courant	BINNENLAND. EEN ARBEIDSBEURS VOOR CHAUFFEURS.	artikel	0.9073569482288828	nl	06_Hunt_economical	\N	Regionaal/lokaal	\N	\N
MMDA03:000098347:mpeg21:a0004	1883	Provinciale Drentsche en Asser courant	BINNENLAND. ASSEN, 19 Maart.	artikel	0.957205465326115	nl	05_Pest_control	\N	Regionaal/lokaal	\N	\N
MMDA03:000110359:mpeg21:a0034	1921	Provinciale Drentsche en Asser courant	ALLERLEI.	artikel	0.9033816425120773	nl	01_Natural_history	\N	Regionaal/lokaal	\N	\N
MMDA03:000111455:mpeg21:a0046	1922	Provinciale Drentsche en Asser courant	Natuurgenot.	artikel	0.9367760617760618	nl	01_Natural_history	\N	Regionaal/lokaal	\N	\N
MMGAVL01:000011024:mpeg21:a0015	1927	Nieuwe Venlosche courant	LATERE BERICHTEN.	artikel	0.8794541319181198	nl	01_Natural_history	\N	Regionaal/lokaal	\N	\N
MMDA03:000112215:mpeg21:a0037	1929	Provinciale Drentsche en Asser courant	Vopel	advertentie	0.5348837209302325	nl	06_Hunt_economical	\N	Regionaal/lokaal	\N	\N
MMDA03:000112242:mpeg21:a0029	1929	Provinciale Drentsche en Asser courant	Vopel	advertentie	0.6071428571428571	nl	06_Hunt_economical	\N	Regionaal/lokaal	\N	\N
MMDA03:000113266:mpeg21:a0021	1928	Provinciale Drentsche en Asser courant	Pelterijenhuis VOPEL	advertentie	0.5405405405405406	nl	06_Hunt_economical	\N	Regionaal/lokaal	\N	\N
MMGARO01:000171841:mpeg21:a0019	1917	De grondwet	Advertentie	advertentie	0.80625	nl	06_Hunt_economical	\N	Regionaal/lokaal	\N	\N
MMGARO01:000171845:mpeg21:a0016	1917	De grondwet	Advertentie	advertentie	0.7664670658682635	nl	06_Hunt_economical	\N	Regionaal/lokaal	\N	\N
MMGARO01:000180128:mpeg21:a0040	1910	De grondwet	PELTERIJEN	advertentie	0.7307692307692307	nl	06_Hunt_economical	\N	Regionaal/lokaal	\N	\N
MMGAVL01:000000212:mpeg21:a0033	1872	Venloosch weekblad	Advertentie	advertentie	0.8058659217877095	nl	06_Hunt_economical	\N	Regionaal/lokaal	\N	\N
MMGAVL01:000001044:mpeg21:a0018	1875	Venloosch weekblad	Advertentie	advertentie	0.8941908713692946	nl	06_Hunt_economical	\N	Regionaal/lokaal	\N	\N
MMGAVL01:000007009:mpeg21:a0035	1921	Nieuwe Venlosche courant	Advertentie	advertentie	0.8770685579196218	nl	06_Hunt_economical	\N	Regionaal/lokaal	\N	\N
MMGAVL01:000010445:mpeg21:a0025	1928	Nieuwe Venlosche courant	Advertentie	advertentie	0.8535564853556485	nl	06_Hunt_economical	\N	Regionaal/lokaal	\N	\N
MMGAVL01:000011583:mpeg21:a0023	1915	Nieuwe Venlosche courant	Advertentie	advertentie	0.7628865979381443	nl	06_Hunt_economical	\N	Regionaal/lokaal	\N	\N
MMGAVL01:000012758:mpeg21:a0038	1930	Nieuwe Venlosche courant	Advertentie	advertentie	0.6974789915966386	nl	06_Hunt_economical	\N	Regionaal/lokaal	\N	\N
MMDA03:000112461:mpeg21:a0036	1925	Provinciale Drentsche en Asser courant	DE JACHTWET 1923. BINNENLAND	artikel	0.9314516129032258	nl	01_Natural_history	\N	Regionaal/lokaal	\N	\N
MMGAVL01:000006972:mpeg21:a0050	1921	Nieuwe Venlosche courant	Als de natuur roept.	artikel	0.9295774647887324	nl	01_Natural_history	\N	Regionaal/lokaal	\N	\N
MMGAVL01:000012738:mpeg21:a0016	1930	Nieuwe Venlosche courant	STADSNIEUWS GRAND-THEATER.	artikel	0.9042690815006468	nl	06_Hunt_economical	\N	Regionaal/lokaal	\N	\N
MMHCO01:000066673:mpeg21:a0010	1873	Provinciale Overijsselsche en Zwolsche courant	Advertentie	advertentie	0.8603988603988604	nl	06_Hunt_economical	\N	Regionaal/lokaal	\N	\N
MMHCO01:000066699:mpeg21:a0013	1873	Provinciale Overijsselsche en Zwolsche courant	Pelterijen-magazijn	advertentie	0.6744186046511628	nl	06_Hunt_economical	\N	Regionaal/lokaal	\N	\N
MMHCO01:000077478:mpeg21:a0041	1910	Provinciale Overijsselsche en Zwolsche courant	Advertentie	advertentie	0.8353658536585366	nl	06_Hunt_economical	\N	Regionaal/lokaal	\N	\N
MMHCO01:000077516:mpeg21:a0029	1906	Provinciale Overijsselsche en Zwolsche courant	Advertentie	advertentie	0.8423236514522822	nl	06_Hunt_economical	\N	Regionaal/lokaal	\N	\N
MMHCO01:000077577:mpeg21:a0014	1907	Provinciale Overijsselsche en Zwolsche courant	Advertentie	advertentie	0.7485714285714286	nl	06_Hunt_economical	\N	Regionaal/lokaal	\N	\N
MMHCO01:000077892:mpeg21:a0020	1910	Provinciale Overijsselsche en Zwolsche courant	Advertentie	advertentie	0.7454545454545455	nl	06_Hunt_economical	\N	Regionaal/lokaal	\N	\N
MMHCO01:000077894:mpeg21:a0051	1910	Provinciale Overijsselsche en Zwolsche courant	Advertentie	advertentie	0.8	nl	06_Hunt_economical	\N	Regionaal/lokaal	\N	\N
MMHCO01:000077926:mpeg21:a0046	1910	Provinciale Overijsselsche en Zwolsche courant	Advertentie	advertentie	0.8012820512820513	nl	06_Hunt_economical	\N	Regionaal/lokaal	\N	\N
MMHCO01:000078432:mpeg21:a0018	1909	Provinciale Overijsselsche en Zwolsche courant	Advertentie	advertentie	0.7456140350877193	nl	06_Hunt_economical	\N	Regionaal/lokaal	\N	\N
MMHCO01:000078433:mpeg21:a0070	1909	Provinciale Overijsselsche en Zwolsche courant	Advertentie	advertentie	0.8583333333333333	nl	06_Hunt_economical	\N	Regionaal/lokaal	\N	\N
MMHCO01:000078506:mpeg21:a0047	1909	Provinciale Overijsselsche en Zwolsche courant	Advertentie	advertentie	0.8628158844765343	nl	06_Hunt_economical	\N	Regionaal/lokaal	\N	\N
MMHCO01:000079422:mpeg21:a0017	1914	Provinciale Overijsselsche en Zwolsche courant	Inventaris-Opruiming.	advertentie	0.7507788161993769	nl	12_Bagger_OCR	\N	Regionaal/lokaal	\N	\N
MMGAVL01:000012773:mpeg21:a0020	1930	Nieuwe Venlosche courant	STADSNIEUWS EEREWACHT H. SACRAMENT DES ALTAARS.	artikel	0.8763440860215054	nl	06_Hunt_economical	\N	Regionaal/lokaal	\N	\N
MMGAVL01:000014193:mpeg21:a0043	1931	Nieuwe Venlosche courant	HET NIEUWE MISSIEMUSEUM TE STEYL. De officieele inwijding.	artikel	0.9174757281553398	nl	01_Natural_history	\N	Regionaal/lokaal	\N	\N
MMHCO01:000061846:mpeg21:a0008	1882	Provinciale Overijsselsche en Zwolsche courant	BINNENLAND.	artikel	0.9518617021276595	nl	06_Hunt_economical	\N	Regionaal/lokaal	\N	\N
MMKB04:000130230:mpeg21:a0021	1908	Haagsche courant	GEFORCEERDE UITVERKOOP,	advertentie	0.7881773399014779	nl	06_Hunt_economical	\N	Regionaal/lokaal	\N	\N
MMKB04:000132710:mpeg21:a0028	1907	Haagsche courant	Advertentie	advertentie	0.7192982456140351	nl	06_Hunt_economical	\N	Regionaal/lokaal	\N	\N
MMKB04:000132735:mpeg21:a0056	1907	Haagsche courant	Advertentie	advertentie	0.7669902912621359	nl	06_Hunt_economical	\N	Regionaal/lokaal	\N	\N
MMKB04:000132746:mpeg21:a0018	1907	Haagsche courant	Totale Uitverkoop	advertentie	0.8737864077669902	nl	06_Hunt_economical	\N	Regionaal/lokaal	\N	\N
MMKB04:000132750:mpeg21:a0012	1907	Haagsche courant	GROOTE UITVERKOOP,	advertentie	0.8181818181818182	nl	06_Hunt_economical	\N	Regionaal/lokaal	\N	\N
MMKB04:000132967:mpeg21:a0057	1908	Haagsche courant	UITVERKOOP	advertentie	0.6428571428571429	nl	06_Hunt_economical	\N	Regionaal/lokaal	\N	\N
MMKB04:000133814:mpeg21:a0027	1908	Haagsche courant	BONTWERKERS-COMPANY,	advertentie	0.7248322147651006	nl	06_Hunt_economical	\N	Regionaal/lokaal	\N	\N
MMKB04:000134420:mpeg21:a0081	1907	Haagsche courant	Advertentie	advertentie	0.7805907172995781	nl	06_Hunt_economical	\N	Regionaal/lokaal	\N	\N
MMKB04:000134927:mpeg21:a0066	1913	Haagsche courant	Advertentie	advertentie	0.8633405639913232	nl	06_Hunt_economical	\N	Regionaal/lokaal	\N	\N
MMKB04:000136867:mpeg21:a0073	1914	Haagsche courant	Advertentie	advertentie	0.8385964912280702	nl	06_Hunt_economical	\N	Regionaal/lokaal	\N	\N
MMHCO01:000088394:mpeg21:a0073	1935	Provinciale Overijsselsche en Zwolsche courant	TESSA DOOR	artikel	0.973097617217525	nl	06_Hunt_economical	\N	Regionaal/lokaal	\N	\N
MMHCO01:000088968:mpeg21:a0153	1936	Provinciale Overijsselsche en Zwolsche courant	TWENTHE ALMELO NATUURHISTORISCHE VEREEN. Vergadering Afd. Twenthe.	artikel	0.9235074626865671	nl	01_Natural_history	\N	Regionaal/lokaal	\N	\N
MMHCO01:000089684:mpeg21:a0143	1938	Provinciale Overijsselsche en Zwolsche courant	TWENTHE ENSCHEDE DE HEER BELTMAN UIT DUITSCHE GEVANGENSCHAP TERUGGEKEERD	artikel	0.9243146603098927	nl	01_Natural_history	\N	Regionaal/lokaal	\N	\N
MMKB04:000118937:mpeg21:a0002	1890	Haagsche courant	FEUILLETON. CASGAMALA	artikel	0.9316037735849056	nl	01_Natural_history	literature	Regionaal/lokaal	\N	\N
MMKB04:000135167:mpeg21:a0038	1913	Haagsche courant	Advertentie	advertentie	0.8659420289855072	nl	06_Hunt_economical	\N	Regionaal/lokaal	\N	\N
MMKB04:000135173:mpeg21:a0032	1913	Haagsche courant	Advertentie	advertentie	0.8200589970501475	nl	06_Hunt_economical	\N	Regionaal/lokaal	\N	\N
MMKB04:000135231:mpeg21:a0087	1913	Haagsche courant	Advertentie	advertentie	0.8720682302771855	nl	06_Hunt_economical	\N	Regionaal/lokaal	\N	\N
MMKB04:000135974:mpeg21:a0021	1914	Haagsche courant	Advertentie	advertentie	0.8611111111111112	nl	06_Hunt_economical	\N	Regionaal/lokaal	\N	\N
MMKB04:000136128:mpeg21:a0041	1911	Haagsche courant	Advertentie	advertentie	0.8795180722891566	nl	06_Hunt_economical	\N	Regionaal/lokaal	\N	\N
MMKB04:000136445:mpeg21:a0060	1911	Haagsche courant	Advertentie	advertentie	0.831353919239905	nl	06_Hunt_economical	\N	Regionaal/lokaal	\N	\N
MMKB04:000136793:mpeg21:a0080	1914	Haagsche courant	Advertentie	advertentie	0.8366197183098592	nl	06_Hunt_economical	\N	Regionaal/lokaal	\N	\N
MMKB04:000136982:mpeg21:a0059	1914	Haagsche courant	Advertentie	advertentie	0.863849765258216	nl	06_Hunt_economical	\N	Regionaal/lokaal	\N	\N
MMKB04:000137927:mpeg21:a0066	1912	Haagsche courant	Advertentie	advertentie	0.8586387434554974	nl	06_Hunt_economical	\N	Regionaal/lokaal	\N	\N
MMKB04:000138282:mpeg21:a0090	1912	Haagsche courant	Advertentie	advertentie	0.7491166077738516	nl	06_Hunt_economical	\N	Regionaal/lokaal	\N	\N
MMKB04:000138757:mpeg21:a0106	1919	Haagsche courant	Advertentie	advertentie	0.7965367965367965	nl	06_Hunt_economical	\N	Regionaal/lokaal	\N	\N
MMKB04:000138965:mpeg21:a0047	1919	Haagsche courant	Advertentie	advertentie	0.8149466192170819	nl	06_Hunt_economical	\N	Regionaal/lokaal	\N	\N
MMKB04:000138991:mpeg21:a0033	1919	Haagsche courant	Advertentie	advertentie	0.8392523364485981	nl	06_Hunt_economical	\N	Regionaal/lokaal	\N	\N
MMKB04:000139421:mpeg21:a0014	1917	Haagsche courant	Advertentie	advertentie	0.852991452991453	nl	06_Hunt_economical	\N	Regionaal/lokaal	\N	\N
MMKB04:000139512:mpeg21:a0023	1917	Haagsche courant	Advertentie	advertentie	0.7604938271604939	nl	06_Hunt_economical	\N	Regionaal/lokaal	\N	\N
MMKB04:000139537:mpeg21:a0134	1917	Haagsche courant	Advertentie	advertentie	0.8314393939393939	nl	06_Hunt_economical	\N	Regionaal/lokaal	\N	\N
MMKB04:000141418:mpeg21:a0028	1915	Haagsche courant	Advertentie	advertentie	0.8326359832635983	nl	06_Hunt_economical	\N	Regionaal/lokaal	\N	\N
MMKB04:000141439:mpeg21:a0029	1915	Haagsche courant	Advertentie	advertentie	0.8054474708171206	nl	06_Hunt_economical	\N	Regionaal/lokaal	\N	\N
MMKB04:000141460:mpeg21:a0033	1915	Haagsche courant	PELTERIJEN.	advertentie	0.78125	nl	06_Hunt_economical	\N	Regionaal/lokaal	\N	\N
MMKB04:000141502:mpeg21:a0023	1915	Haagsche courant	Advertentie	advertentie	0.7923627684964201	nl	06_Hunt_economical	\N	Regionaal/lokaal	\N	\N
MMKB04:000141523:mpeg21:a0029	1915	Haagsche courant	Advertentie	advertentie	0.7652582159624414	nl	06_Hunt_economical	\N	Regionaal/lokaal	\N	\N
MMKB04:000141624:mpeg21:a0030	1915	Haagsche courant	Advertentie	advertentie	0.7861635220125787	nl	06_Hunt_economical	\N	Regionaal/lokaal	\N	\N
ddd:010493834:mpeg21:a0181	1921	Rotterdamsch nieuwsblad	Nabootsing van gelulden.	artikel	0.8589743589743589	nl	01_Natural_history	\N	Regionaal/lokaal	\N	\N
MMKB04:000141660:mpeg21:a0025	1915	Haagsche courant	Advertentie	advertentie	0.7215189873417721	nl	06_Hunt_economical	\N	Regionaal/lokaal	\N	\N
MMKB04:000141689:mpeg21:a0026	1915	Haagsche courant	Advertentie	advertentie	0.8282442748091603	nl	06_Hunt_economical	\N	Regionaal/lokaal	\N	\N
MMKB04:000141775:mpeg21:a0024	1915	Haagsche courant	Advertentie	advertentie	0.8087248322147651	nl	06_Hunt_economical	\N	Regionaal/lokaal	\N	\N
MMKB04:000141808:mpeg21:a0023	1915	Haagsche courant	Advertentie	advertentie	0.774822695035461	nl	06_Hunt_economical	\N	Regionaal/lokaal	\N	\N
MMKB04:000141907:mpeg21:a0011	1920	Haagsche courant	Advertentie	advertentie	0.8557046979865772	nl	06_Hunt_economical	\N	Regionaal/lokaal	\N	\N
MMKB04:000143557:mpeg21:a0143	1924	Haagsche courant	Advertentie	advertentie	0.8136792452830188	nl	06_Hunt_economical	\N	Regionaal/lokaal	\N	\N
MMKB04:000143647:mpeg21:a0010	1916	Haagsche courant	Advertentie	advertentie	0.8761904761904762	nl	06_Hunt_economical	\N	Regionaal/lokaal	\N	\N
MMKB04:000143737:mpeg21:a0018	1916	Haagsche courant	WAARSCHUWING.	advertentie	0.6964285714285714	nl	06_Hunt_economical	\N	Regionaal/lokaal	\N	\N
MMKB04:000143751:mpeg21:a0022	1916	Haagsche courant	Advertentie	advertentie	0.792	nl	06_Hunt_economical	\N	Regionaal/lokaal	\N	\N
MMKB04:000144685:mpeg21:a0034	1927	Haagsche courant	Advertentie	advertentie	0.8091787439613527	nl	06_Hunt_economical	\N	Regionaal/lokaal	\N	\N
MMKB04:000145783:mpeg21:a0090	1921	Haagsche courant	Advertentie	advertentie	0.7423076923076923	nl	06_Hunt_economical	\N	Regionaal/lokaal	\N	\N
MMKB04:000146274:mpeg21:a0028	1916	Haagsche courant	Advertentie	advertentie	0.6770833333333334	nl	06_Hunt_economical	\N	Regionaal/lokaal	\N	\N
MMKB04:000146305:mpeg21:a0057	1916	Haagsche courant	Advertentie	advertentie	0.6606334841628959	nl	06_Hunt_economical	\N	Regionaal/lokaal	\N	\N
MMKB04:000146886:mpeg21:a0085	1932	Haagsche courant	Advertentie	advertentie	0.7058823529411765	nl	06_Hunt_economical	\N	Regionaal/lokaal	\N	\N
MMKB04:000148640:mpeg21:a0180	1931	Haagsche courant	Advertentie	advertentie	0.8215859030837004	nl	06_Hunt_economical	\N	Regionaal/lokaal	\N	\N
MMKB04:000149467:mpeg21:a0018	1937	Haagsche courant	Advertentie	advertentie	0.7482678983833718	nl	06_Hunt_economical	\N	Regionaal/lokaal	\N	\N
ddd:010654366:mpeg21:a0053	1919	Algemeen Handelsblad	Advertentie	advertentie	0.6883116883116883	nl	12_Bagger_OCR	\N	Landelijk	\N	\N
MMKB04:000149975:mpeg21:a0155	1939	Haagsche courant	Advertentie	advertentie	0.84251968503937	nl	06_Hunt_economical	\N	Regionaal/lokaal	\N	\N
MMKB04:000150285:mpeg21:a0028	1916	Haagsche courant	Advertentie	advertentie	0.734375	nl	06_Hunt_economical	\N	Regionaal/lokaal	\N	\N
MMKB04:000155679:mpeg21:a0016	1916	Haagsche courant	Advertentie	advertentie	0.7939914163090128	nl	06_Hunt_economical	\N	Regionaal/lokaal	\N	\N
MMKB04:000155720:mpeg21:a0023	1916	Haagsche courant	Advertentie	advertentie	0.8328690807799443	nl	06_Hunt_economical	\N	Regionaal/lokaal	\N	\N
MMKB04:000155764:mpeg21:a0026	1916	Haagsche courant	Advertentie	advertentie	0.7330210772833724	nl	06_Hunt_economical	\N	Regionaal/lokaal	\N	\N
MMKB04:000166763:mpeg21:a0021	1876	De Maasbode	P.J. MERSEL,	advertentie	0.7017543859649122	nl	06_Hunt_economical	\N	Regionaal/lokaal	\N	\N
MMKB04:000143898:mpeg21:a0039	1921	Haagsche courant	GEMENGD NIEUWS. Wereldercrisis en landverhuizing.	artikel	0.9522058823529411	nl	01_Natural_history	\N	Regionaal/lokaal	\N	\N
MMKB04:000149733:mpeg21:a0112	1938	Haagsche courant	STADSNIEUWS Joodsche kinderen uit Weenen in ons land aangekomen.	artikel	0.9395720667763932	nl	01_Natural_history	\N	Regionaal/lokaal	\N	\N
MMKB04:000166765:mpeg21:a0014	1876	De Maasbode	Advertentie	advertentie	0.7409638554216867	nl	06_Hunt_economical	\N	Regionaal/lokaal	\N	\N
MMKB04:000185021:mpeg21:a0029	1908	De Maasbode	Advertentie	advertentie	0.8037383177570093	nl	06_Hunt_economical	\N	Regionaal/lokaal	\N	\N
MMKB04:000186396:mpeg21:a0025	1911	De Maasbode	P. FEIN HZN.	advertentie	0.75	nl	06_Hunt_economical	\N	Regionaal/lokaal	\N	\N
MMKB04:000186410:mpeg21:a0027	1911	De Maasbode	Advertentie	advertentie	0.696969696969697	nl	06_Hunt_economical	\N	Regionaal/lokaal	\N	\N
MMKB04:000186447:mpeg21:a0026	1911	De Maasbode	P. FEIN	advertentie	0.7319587628865979	nl	06_Hunt_economical	\N	Regionaal/lokaal	\N	\N
MMKB04:000186499:mpeg21:a0039	1911	De Maasbode	Advertentie	advertentie	0.7906976744186046	nl	06_Hunt_economical	\N	Regionaal/lokaal	\N	\N
MMKB04:000186537:mpeg21:a0043	1911	De Maasbode	Advertentie	advertentie	0.7538461538461538	nl	06_Hunt_economical	\N	Regionaal/lokaal	\N	\N
MMKB04:000186551:mpeg21:a0091	1911	De Maasbode	Advertentie	advertentie	0.7393617021276596	nl	06_Hunt_economical	\N	Regionaal/lokaal	\N	\N
MMKB04:000186560:mpeg21:a0073	1911	De Maasbode	Advertentie	advertentie	0.6617647058823529	nl	06_Hunt_economical	\N	Regionaal/lokaal	\N	\N
MMKB04:000186572:mpeg21:a0043	1911	De Maasbode	Advertentie	advertentie	0.6440677966101694	nl	06_Hunt_economical	\N	Regionaal/lokaal	\N	\N
MMKB04:000184475:mpeg21:a0015	1909	De Maasbode	Handelsberichten. RIJSSEL, 31 Maart.	artikel	0.7989588942739185	nl	06_Hunt_economical	\N	Regionaal/lokaal	\N	\N
MMKB04:000186661:mpeg21:a0023	1910	De Maasbode	Handelsberichten. Rotterdam, 29 Oct.	artikel	0.6305945223780896	nl	06_Hunt_economical	\N	Regionaal/lokaal	\N	\N
MMKB04:000187368:mpeg21:a0038	1911	De Maasbode	Advertentie	advertentie	0.7372262773722628	nl	06_Hunt_economical	\N	Regionaal/lokaal	\N	\N
MMKB08:000090541:mpeg21:a0016	1880	Arnhemsche courant	Advertentie	advertentie	0.8986975397973951	nl	06_Hunt_economical	\N	Regionaal/lokaal	\N	\N
MMKB08:000097837:mpeg21:a0031	1909	Arnhemsche courant	Advertentie	advertentie	0.72	af	06_Hunt_economical	\N	Regionaal/lokaal	\N	\N
MMKB08:000101752:mpeg21:a0051	1915	Arnhemsche courant	Advertentie	advertentie	0.8369565217391305	nl	06_Hunt_economical	\N	Regionaal/lokaal	\N	\N
MMKB08:000105200:mpeg21:a0059	1922	Arnhemsche courant	Advertentie	advertentie	0.770764119601329	nl	06_Hunt_economical	\N	Regionaal/lokaal	\N	\N
MMKB08:000105563:mpeg21:a0039	1925	Arnhemsche courant	Advertentie	advertentie	0.7397260273972602	nl	06_Hunt_economical	\N	Regionaal/lokaal	\N	\N
MMKB08:000108020:mpeg21:a0118	1931	Arnhemsche courant	Advertentie	advertentie	0.5849056603773585	nl	06_Hunt_economical	\N	Regionaal/lokaal	\N	\N
MMKB08:000108042:mpeg21:a0080	1931	Arnhemsche courant	Advertentie	advertentie	0.625	nl	06_Hunt_economical	\N	Regionaal/lokaal	\N	\N
MMKB08:000108397:mpeg21:a0022	1918	Arnhemsche courant	Advertentie	advertentie	0.8144796380090498	nl	06_Hunt_economical	\N	Regionaal/lokaal	\N	\N
MMKB04:000188060:mpeg21:a0016	1914	De Maasbode	HANDELSBERICHTEN. ROTTERDAM, 31 Maart.	artikel	0.7800217155266015	nl	06_Hunt_economical	\N	Regionaal/lokaal	\N	\N
MMKB04:000188101:mpeg21:a0019	1914	De Maasbode	LAATSTE BERICHTEN.	artikel	0.8791208791208791	nl	01_Natural_history	\N	Regionaal/lokaal	\N	\N
MMKB04:000193216:mpeg21:a0115	1938	De Maasbode	DE EERSTE TEEKENEN van het naderend voorjaar	artikel	0.9351446099912357	nl	01_Natural_history	\N	Regionaal/lokaal	\N	\N
MMKB08:000072378:mpeg21:a0043	1921	Delftsche courant	Wetenschap en Industrie. Ons Lichaam en onze Gezondheid.	artikel	0.9103194103194103	nl	01_Natural_history	\N	Regionaal/lokaal	\N	\N
MMKB08:000074830:mpeg21:a0010	1930	Delftsche courant	Faillissementen Opgegeven door v. d. Graaf &amp; Co. N. V. (Afd. Handelsinformaties.)	artikel	0.8957055214723927	nl	11_Nobeast	\N	Regionaal/lokaal	\N	\N
MMKB08:000094694:mpeg21:a0001	1883	Arnhemsche courant	Binnenland.	artikel	0.9447168970129292	nl	06_Hunt_economical	\N	Regionaal/lokaal	\N	\N
MMKB08:000114980:mpeg21:a0026	1876	Delftsche courant	Advertentie	advertentie	0.7635135135135135	nl	06_Hunt_economical	\N	Regionaal/lokaal	\N	\N
MMKB08:000114992:mpeg21:a0031	1876	Delftsche courant	Advertentie	advertentie	0.8119469026548672	nl	06_Hunt_economical	\N	Regionaal/lokaal	\N	\N
MMKB08:000117846:mpeg21:a0014	1911	Delftsche courant	Advertentie	advertentie	0.7592592592592593	nl	06_Hunt_economical	\N	Regionaal/lokaal	\N	\N
MMKB08:000117949:mpeg21:a0079	1911	Delftsche courant	Advertentie	advertentie	0.8382838283828383	nl	06_Hunt_economical	\N	Regionaal/lokaal	\N	\N
MMKB08:000117984:mpeg21:a0074	1911	Delftsche courant	Advertentie	advertentie	0.7816091954022989	nl	06_Hunt_economical	\N	Regionaal/lokaal	\N	\N
MMKB08:000121625:mpeg21:a0025	1915	Delftsche courant	Advertentie	advertentie	0.8136200716845878	nl	06_Hunt_economical	\N	Regionaal/lokaal	\N	\N
MMKB08:000121630:mpeg21:a0028	1915	Delftsche courant	Advertentie	advertentie	0.8533834586466166	nl	06_Hunt_economical	\N	Regionaal/lokaal	\N	\N
MMKB08:000161746:mpeg21:a0009	1930	Nederlandsche staatscourant	GERECHTELIJKE AANKONDIGINGEN. NAAMSVERANDERINGEN.	artikel	0.8552083333333333	nl	11_Nobeast	\N	Landelijk	\N	\N
MMKB08:000174096:mpeg21:a0006	1900	Nederlandsche staatscourant	VEREENIGINGEN. ERKEND VOLGENS DE WET VAN 23 APRIL 1855 (STAATSBLAD No. 32). No. 447.	artikel	0.9339869281045752	nl	06_Hunt_economical	\N	Landelijk	\N	\N
MMKB08:000182594:mpeg21:a0014	1931	Nederlandsche staatscourant	GERECHTELIJKE AANKONDIGINGEN. Verkoop bij executie.	artikel	0.881491344873502	nl	11_Nobeast	\N	Landelijk	\N	\N
MMRANM02:000009529:mpeg21:a0031	1908	Provinciale Geldersche en Nijmeegsche courant	Rubriek voor Vrouwen. Nieuwe najaarsmode te Berlijn.	artikel	0.9128491620111732	nl	06_Hunt_economical	\N	Regionaal/lokaal	\N	\N
MMRANM02:000019799:mpeg21:a0029	1918	Provinciale Geldersche en Nijmeegsche courant	Advertentie	advertentie	0.8397626112759644	nl	06_Hunt_economical	\N	Regionaal/lokaal	\N	\N
MMRHCE01:000037653:mpeg21:a0034	1910	De Zuid-Willemsvaart	Advertentie	advertentie	0.6701030927835051	nl	06_Hunt_economical	\N	Regionaal/lokaal	\N	\N
MMRHCE01:000037657:mpeg21:a0047	1910	De Zuid-Willemsvaart	Advertentie	advertentie	0.686046511627907	nl	06_Hunt_economical	\N	Regionaal/lokaal	\N	\N
MMRHCE01:000038050:mpeg21:a0022	1915	De Zuid-Willemsvaart	Advertentie	advertentie	0.8113879003558719	nl	06_Hunt_economical	\N	Regionaal/lokaal	\N	\N
MMRHCE01:000054230:mpeg21:a0022	1915	Eindhovensch dagblad	Advertentie	advertentie	0.7714285714285715	nl	06_Hunt_economical	\N	Regionaal/lokaal	\N	\N
MMSAEN01:000045000:mpeg21:a0019	1915	Twentsch dagblad Tubantia	Sint Nicolaas-Cadeaux	advertentie	0.781021897810219	nl	06_Hunt_economical	\N	Regionaal/lokaal	\N	\N
MMRANM02:000019035:mpeg21:a0009	1913	Provinciale Geldersche en Nijmeegsche courant	Bioskoop-vertooningen enz. De Familie-Bioskoop.	artikel	0.9030303030303031	nl	01_Natural_history	\N	Regionaal/lokaal	\N	\N
MMRANM02:000022640:mpeg21:a0054	1924	Provinciale Geldersche en Nijmeegsche courant	Ornithologische Waarnemingen.	artikel	0.9536354056902002	nl	01_Natural_history	\N	Regionaal/lokaal	\N	\N
MMRANM02:000024583:mpeg21:a0003	1925	Provinciale Geldersche en Nijmeegsche courant	STAD EN OMGEVING. Gemeenteraad.	artikel	0.933300637567435	nl	05_Pest_control	\N	Regionaal/lokaal	\N	\N
MMRANM02:000027500:mpeg21:a0004	1930	Provinciale Geldersche en Nijmeegsche courant	STAD EN OMGEVING. DE WAAL. Abnormale hooge waterstand voor dezen tijd van het Jaar.	artikel	0.9473684210526315	nl	06_Hunt_economical	\N	Regionaal/lokaal	\N	\N
MMRANM02:000035181:mpeg21:a0080	1938	Provinciale Geldersche en Nijmeegsche courant	Modecode	artikel	0.8210526315789474	nl	06_Hunt_economical	\N	Regionaal/lokaal	\N	\N
MMRANM02:000035741:mpeg21:a0033	1935	Provinciale Geldersche en Nijmeegsche courant	FEUILLETON TESSA door RICHARD STARR Vertaald door A. Riewerd	artikel	0.9701606732976281	nl	06_Hunt_economical	\N	Regionaal/lokaal	\N	\N
MMRHCE01:000040049:mpeg21:a0009	1893	De Zuid-Willemsvaart	Gemengd Nieuws. De Das.	artikel	0.9375684556407448	nl	01_Natural_history	\N	Regionaal/lokaal	\N	\N
MMRHCE01:000046242:mpeg21:a0006	1934	De Zuid-Willemsvaart	UIT DE PROVINCIE MIERLO-HOUT.	artikel	0.9281082605018325	nl	02_Nuisance_material	\N	Regionaal/lokaal	\N	\N
MMRHCE01:000057058:mpeg21:a0045	1929	Eindhovensch dagblad	Advertentie	advertentie	0.725	nl	06_Hunt_economical	\N	Regionaal/lokaal	\N	\N
MMRHCE01:000057780:mpeg21:a0035	1929	Eindhovensch dagblad	Advertentie	advertentie	0.8341708542713567	nl	06_Hunt_economical	\N	Regionaal/lokaal	\N	\N
MMRHCE01:000058107:mpeg21:a0032	1929	Eindhovensch dagblad	Advertentie	advertentie	0.5629139072847682	nl	06_Hunt_economical	\N	Regionaal/lokaal	\N	\N
MMRHCE01:000058188:mpeg21:a0031	1929	Eindhovensch dagblad	Advertentie	advertentie	0.7054263565891473	nl	06_Hunt_economical	\N	Regionaal/lokaal	\N	\N
MMSADB01:000003004:mpeg21:a0030	1921	Provinciale Noordbrabantsche en 's Hertogenbossche courant	Advertentie	advertentie	0.8536585365853658	nl	06_Hunt_economical	\N	Regionaal/lokaal	\N	\N
MMSADB01:000015298:mpeg21:a0117	1932	Provinciale Noordbrabantsche en 's Hertogenbossche courant	Advertentie	advertentie	0.8722627737226277	nl	06_Hunt_economical	\N	Regionaal/lokaal	\N	\N
MMSAEN01:000044928:mpeg21:a0021	1915	Twentsch dagblad Tubantia	JOHs. MASELAND JUNIOR	advertentie	0.6403508771929824	nl	06_Hunt_economical	\N	Regionaal/lokaal	\N	\N
MMSAB03:000061614:mpeg21:a0014	1919	Bredasche courant	Stadsnieuws. Ongehoord.	artikel	0.9417040358744395	nl	01_Natural_history	\N	Regionaal/lokaal	\N	\N
MMSAB03:000064218:mpeg21:a0027	1930	Bredasche courant	Finantieelen berichten. FAILLISSEMENTEN.	artikel	0.8537170263788969	nl	11_Nobeast	\N	Regionaal/lokaal	\N	\N
MMSADB01:000006715:mpeg21:a0031	1913	Provinciale Noordbrabantsche en 's Hertogenbossche courant	De bontproductie der aarde.	artikel	0.8034188034188035	nl	06_Hunt_economical	\N	Regionaal/lokaal	\N	\N
MMSADB01:000007065:mpeg21:a0006	1863	Provinciale Noordbrabantsche en 's Hertogenbossche courant	Binnenlandsche Berigten. 's Hertogenbosch, 16 Julij.	artikel	0.9156876295784382	nl	02_Nuisance_material	\N	Regionaal/lokaal	\N	\N
MMSADB01:000016384:mpeg21:a0051	1934	Provinciale Noordbrabantsche en 's Hertogenbossche courant	Provinciaal Nieuws. R. K. LEERGANGEN.	artikel	0.9476856316297011	nl	02_Nuisance_material	\N	Regionaal/lokaal	\N	\N
ddd:000010716:mpeg21:a0014	1866	Algemeen Handelsblad	Advertentie	advertentie	0.788659793814433	nl	06_Hunt_economical	\N	Landelijk	\N	\N
ddd:000010749:mpeg21:a0010	1866	Algemeen Handelsblad	Advertentie	advertentie	0.7616033755274262	nl	06_Hunt_economical	\N	Landelijk	\N	\N
ddd:000010755:mpeg21:a0045	1866	Algemeen Handelsblad	Advertentie	advertentie	0.8602756892230576	nl	06_Hunt_economical	\N	Landelijk	\N	\N
MMSAEN01:000045610:mpeg21:a0017	1918	Twentsch dagblad Tubantia en Enschedesche courant	Advertentie	advertentie	0.8785249457700651	nl	06_Hunt_economical	\N	Regionaal/lokaal	\N	\N
MMVEEN01:000080675:mpeg21:a0037	1910	Nieuwe Veendammer courant	Advertentie	advertentie	0.7386363636363636	nl	06_Hunt_economical	\N	Regionaal/lokaal	\N	\N
MMVEEN01:000081060:mpeg21:a0126	1928	De Noord-Ooster	Advertentie	advertentie	0.780952380952381	nl	06_Hunt_economical	\N	Regionaal/lokaal	\N	\N
MMVEEN01:000081274:mpeg21:a0100	1929	De Noord-Ooster	Advertentie	advertentie	0.6052631578947368	nl	06_Hunt_economical	\N	Regionaal/lokaal	\N	\N
MMVEEN01:000081967:mpeg21:a0030	1910	Nieuwe Veendammer courant	Advertentie	advertentie	0.7096774193548387	nl	06_Hunt_economical	\N	Regionaal/lokaal	\N	\N
MMSAEN01:000047246:mpeg21:a0001	1920	Twentsch dagblad Tubantia en Enschedesche courant	Dit nummer bestaat uit 8 bladzijden. 1e BLAD Buitenland. ALGEMEEN OVERZICHT.	artikel	0.9287229529062367	nl	06_Hunt_economical	\N	Regionaal/lokaal	\N	\N
MMSAEN01:000048297:mpeg21:a0005	1920	Twentsch dagblad Tubantia en Enschedesche courant	Twentsch Nieuws. Enschede, 8 Januari.	artikel	0.8761965539246969	nl	05_Pest_control	\N	Regionaal/lokaal	\N	\N
MMSAEN01:000049237:mpeg21:a0041	1926	Twentsch dagblad Tubantia en Enschedesche courant	Ingezonden.	artikel	0.9665948275862069	nl	06_Hunt_economical	\N	Regionaal/lokaal	\N	\N
MMSAEN01:000053197:mpeg21:a0013	1936	Twentsch dagblad Tubantia en Enschedesche courant	TWENTSCH NIEUWS. ENSCHEDE.	artikel	0.9494623655913978	nl	01_Natural_history	\N	Regionaal/lokaal	\N	\N
MMSAEN01:000053890:mpeg21:a0073	1938	Twentsch dagblad Tubantia en Enschedesche courant	Ons mooie Twente Twente, vroeger en thans	artikel	0.9453376205787781	nl	01_Natural_history	\N	Regionaal/lokaal	\N	\N
MMSAEN01:000061832:mpeg21:a0087	1939	Twentsch dagblad Tubantia en Enschedesche courant	St. Sylvester in het bosch.	artikel	0.9153963414634146	nl	01_Natural_history	\N	Regionaal/lokaal	\N	\N
ddd:000010772:mpeg21:a0011	1866	Algemeen Handelsblad	Advertentie	advertentie	0.82125	nl	06_Hunt_economical	\N	Landelijk	\N	\N
ddd:000010782:mpeg21:a0018	1866	Algemeen Handelsblad	Advertentie	advertentie	0.7541284403669725	nl	06_Hunt_economical	\N	Landelijk	\N	\N
ddd:000010793:mpeg21:a0013	1866	Algemeen Handelsblad	Advertentie	advertentie	0.8598326359832636	nl	06_Hunt_economical	\N	Landelijk	\N	\N
ddd:000017400:mpeg21:a0007	1870	Het nieuws van den dag : kleine courant	Gemengd Nieuws.	artikel	0.8188976377952756	nl	01_Natural_history	\N	Regionaal/lokaal	\N	\N
ddd:010024831:mpeg21:a0054	1920	Nieuwe Rotterdamsche Courant	Advertentie	advertentie	0.6037296037296037	nl	06_Hunt_economical	\N	Landelijk	\N	\N
ddd:010074232:mpeg21:a0012	1854	Algemeen Handelsblad	Advertentie	advertentie	0.7716535433070866	nl	06_Hunt_economical	\N	Landelijk	\N	\N
ddd:010029209:mpeg21:a0046	1927	Nieuwe Rotterdamsche Courant	Advertentie	advertentie	0.7906976744186046	nl	06_Hunt_economical	\N	Landelijk	\N	\N
ddd:010011099:mpeg21:a0193	1927	Het Vaderland : staat- en letterkundig nieuwsblad	GEVONDEN VOORWERPEN	artikel	0.7384259259259259	nl	06_Hunt_economical	\N	Landelijk	\N	\N
ddd:010000516:mpeg21:a0088	1921	Het Centrum	DIEFSTAL AAN BOORD VAN DE „LIMBURGIA.&quot;	artikel	0.7026777469990766	nl	01_Natural_history	literuature	Landelijk	\N	\N
ddd:010012136:mpeg21:a0210	1929	Het Vaderland : staat- en letterkundig nieuwsblad	HAAGSCHE BEURS.	artikel	0.7915057915057915	nl	11_Nobeast	\N	Landelijk	\N	\N
ddd:010012674:mpeg21:a0287	1930	Het Vaderland : staat- en letterkundig nieuwsblad	Faillissementen	artikel	0.83125	nl	11_Nobeast	\N	Landelijk	\N	\N
ddd:010018820:mpeg21:a0116	1939	Het Vaderland : staat- en letterkundig nieuwsblad	ST SYLVESTERIN HET BOSCH WAT ER LEEFT  OP OUDEJAAR	artikel	0.8971132494448557	nl	01_Natural_history	\N	Landelijk	\N	\N
ddd:010025140:mpeg21:a0177	1920	Nieuwe Rotterdamsche Courant	Engeland.	artikel	0.8808353808353808	nl	06_Hunt_economical	\N	Landelijk	\N	\N
ddd:010026481:mpeg21:a0141	1923	Nieuwe Rotterdamsche Courant	Oeconomische en Financieele Mededeelingen.	artikel	0.8778181818181818	nl	06_Hunt_economical	\N	Landelijk	\N	\N
ddd:010029643:mpeg21:a0219	1928	Nieuwe Rotterdamsche Courant	Oeconomische en Financieele Mededeelingen.	artikel	0.8004429133858267	nl	01_Natural_history	\N	Landelijk	\N	\N
ddd:010034375:mpeg21:a0045	1915	Nieuwe Rotterdamsche Courant	Advertentie	advertentie	0.8157894736842105	nl	06_Hunt_economical	\N	Landelijk	\N	\N
ddd:010036348:mpeg21:a0024	1918	Nieuwe Rotterdamsche Courant	Advertentie	advertentie	0.726643598615917	nl	06_Hunt_economical	\N	Landelijk	\N	\N
ddd:010036682:mpeg21:a0065	1919	Nieuwe Rotterdamsche Courant	Advertentie	advertentie	0.6779661016949152	nl	06_Hunt_economical	\N	Landelijk	\N	\N
ddd:010073095:mpeg21:a0040	1851	Algemeen Handelsblad	Advertentie	advertentie	0.8185185185185185	nl	06_Hunt_economical	\N	Landelijk	\N	\N
ddd:010073522:mpeg21:a0022	1852	Algemeen Handelsblad	Advertentie	advertentie	0.8180039138943248	nl	06_Hunt_economical	\N	Landelijk	\N	\N
ddd:010073862:mpeg21:a0026	1853	Algemeen Handelsblad	Advertentie	advertentie	0.8672350791717418	nl	06_Hunt_economical	\N	Landelijk	\N	\N
ddd:010074236:mpeg21:a0015	1854	Algemeen Handelsblad	Advertentie	advertentie	0.8328888888888889	nl	06_Hunt_economical	\N	Landelijk	\N	\N
ddd:010074250:mpeg21:a0008	1854	Algemeen Handelsblad	Advertentie	advertentie	0.6391752577319587	nl	06_Hunt_economical	\N	Landelijk	\N	\N
ddd:010030108:mpeg21:a0045	1929	Nieuwe Rotterdamsche Courant	Natuurhistorisch Maandblad.	artikel	0.8961748633879781	nl	01_Natural_history	\N	Landelijk	\N	\N
ddd:010073757:mpeg21:a0006	1853	Algemeen Handelsblad	AMSTERDAM, Donderdag 28 Julij.	artikel	0.7385732592909013	nl	05_Pest_control	\N	Landelijk	\N	\N
ddd:010077422:mpeg21:a0008	1855	Algemeen Handelsblad	Advertentie	advertentie	0.7518796992481203	nl	06_Hunt_economical	\N	Landelijk	\N	\N
ddd:010077436:mpeg21:a0016	1855	Algemeen Handelsblad	Advertentie	advertentie	0.7454545454545455	nl	06_Hunt_economical	\N	Landelijk	\N	\N
ddd:010080466:mpeg21:a0032	1850	Nieuwe Rotterdamsche courant : staats-, handels-, nieuws- en advertentieblad	Advertentie	advertentie	0.7793522267206477	nl	12_Bagger_OCR	\N	Landelijk	\N	\N
ddd:010085868:mpeg21:a0059	1885	Het nieuws van den dag : kleine courant	Advertentie	advertentie	0.795	nl	06_Hunt_economical	\N	Regionaal/lokaal	\N	\N
ddd:010087014:mpeg21:a0031	1858	Algemeen Handelsblad	Advertentie	advertentie	0.8705501618122977	nl	06_Hunt_economical	\N	Landelijk	\N	\N
ddd:010087234:mpeg21:a0016	1858	Algemeen Handelsblad	Advertentie	advertentie	0.8579710144927536	nl	06_Hunt_economical	\N	Landelijk	\N	\N
ddd:010088009:mpeg21:a0013	1859	Algemeen Handelsblad	Advertentie	advertentie	0.8577494692144374	nl	06_Hunt_economical	\N	Landelijk	\N	\N
ddd:010088023:mpeg21:a0018	1859	Algemeen Handelsblad	Advertentie	advertentie	0.7543103448275862	nl	06_Hunt_economical	\N	Landelijk	\N	\N
ddd:010088030:mpeg21:a0033	1859	Algemeen Handelsblad	Advertentie	advertentie	0.8418756815703381	nl	06_Hunt_economical	\N	Landelijk	\N	\N
ddd:010097893:mpeg21:a0027	1869	Algemeen Handelsblad	Advertentie	advertentie	0.6014760147601476	nl	06_Hunt_economical	\N	Landelijk	\N	\N
ddd:010097904:mpeg21:a0034	1869	Algemeen Handelsblad	Advertentie	advertentie	0.6301633045148896	de	06_Hunt_economical	\N	Landelijk	\N	\N
ddd:010098334:mpeg21:a0039	1870	Algemeen Handelsblad	Advertentie	advertentie	0.650887573964497	de	06_Hunt_economical	\N	Landelijk	\N	\N
ddd:010098348:mpeg21:a0036	1870	Algemeen Handelsblad	Advertentie	advertentie	0.6941896024464832	nl	06_Hunt_economical	\N	Landelijk	\N	\N
ddd:010098369:mpeg21:a0038	1870	Algemeen Handelsblad	Advertentie	advertentie	0.8406593406593407	nl	06_Hunt_economical	\N	Landelijk	\N	\N
ddd:010098381:mpeg21:a0038	1870	Algemeen Handelsblad	Advertentie	advertentie	0.8498845265588915	nl	06_Hunt_economical	\N	Landelijk	\N	\N
ddd:010099225:mpeg21:a0080	1875	Algemeen Handelsblad	Advertentie	advertentie	0.8303693570451436	nl	06_Hunt_economical	\N	Landelijk	\N	\N
ddd:010108263:mpeg21:a0080	1908	Het nieuws van den dag : kleine courant	Advertentie	advertentie	0.7483660130718954	nl	06_Hunt_economical	\N	Regionaal/lokaal	\N	\N
ddd:010108299:mpeg21:a0067	1910	Het nieuws van den dag : kleine courant	Advertentie	advertentie	0.7127272727272728	nl	06_Hunt_economical	\N	Regionaal/lokaal	\N	\N
ddd:010108435:mpeg21:a0023	1911	Het nieuws van den dag : kleine courant	Advertentie	advertentie	0.7857142857142857	nl	06_Hunt_economical	\N	Regionaal/lokaal	\N	\N
ddd:010108551:mpeg21:a0101	1909	Het nieuws van den dag : kleine courant	Advertentie	advertentie	0.6832298136645962	nl	06_Hunt_economical	\N	Regionaal/lokaal	\N	\N
ddd:010108552:mpeg21:a0040	1909	Het nieuws van den dag : kleine courant	Advertentie	advertentie	0.6610169491525424	nl	06_Hunt_economical	\N	Regionaal/lokaal	\N	\N
ddd:010109275:mpeg21:a0095	1910	Het nieuws van den dag : kleine courant	Advertentie	advertentie	0.6988847583643123	nl	06_Hunt_economical	\N	Regionaal/lokaal	\N	\N
ddd:010113536:mpeg21:a0031	1866	Nieuwe Rotterdamsche courant : staats-, handels-, nieuws- en advertentieblad	Advertentie	advertentie	0.7784090909090909	nl	06_Hunt_economical	\N	Landelijk	\N	\N
ddd:010109981:mpeg21:a0010	1913	Het nieuws van den dag : kleine courant	Advertentie	advertentie	0.8676470588235294	nl	06_Hunt_economical	\N	Regionaal/lokaal	\N	\N
ddd:010098349:mpeg21:a0014	1870	Algemeen Handelsblad	HANDELSBERICHTEN. AMSTERDAM, Maandag 21 November.	artikel	0.7698924731182796	nl	05_Pest_control	\N	Landelijk	\N	\N
ddd:010108167:mpeg21:a0076	1909	Het nieuws van den dag : kleine courant	Artis.	artikel	0.7633136094674556	nl	01_Natural_history	\N	Regionaal/lokaal	\N	\N
ddd:010129927:mpeg21:a0061	1863	Het Amsterdamsch handels- en effectenblad	Advertentie	advertentie	0.7264957264957265	nl	06_Hunt_economical	\N	Regionaal/lokaal	\N	\N
ddd:010136923:mpeg21:a0010	1861	Algemeen Handelsblad	Advertentie	advertentie	0.8323170731707317	nl	06_Hunt_economical	\N	Landelijk	\N	\N
ddd:010136960:mpeg21:a0014	1861	Algemeen Handelsblad	Advertentie	advertentie	0.9020645844362096	nl	06_Hunt_economical	\N	Landelijk	\N	\N
ddd:010136979:mpeg21:a0011	1861	Algemeen Handelsblad	Advertentie	advertentie	0.8700787401574803	nl	06_Hunt_economical	\N	Landelijk	\N	\N
ddd:010137375:mpeg21:a0020	1862	Algemeen Handelsblad	Advertentie	advertentie	0.8442211055276382	nl	06_Hunt_economical	\N	Landelijk	\N	\N
ddd:010138322:mpeg21:a0009	1867	Algemeen Handelsblad	Advertentie	advertentie	0.8210332103321033	nl	06_Hunt_economical	\N	Landelijk	\N	\N
ddd:010138115:mpeg21:a0011	1863	Algemeen Handelsblad	Advertentie	advertentie	0.8193116634799236	nl	06_Hunt_economical	\N	Landelijk	\N	\N
ddd:010138331:mpeg21:a0019	1867	Algemeen Handelsblad	Advertentie	advertentie	0.7194860813704497	nl	06_Hunt_economical	\N	Landelijk	\N	\N
ddd:010494165:mpeg21:a0085	1920	Rotterdamsch nieuwsblad	Advertentie	advertentie	0.7126099706744868	nl	12_Bagger_OCR	\N	Regionaal/lokaal	\N	\N
ddd:010135683:mpeg21:a0114	1912	Het nieuws van den dag voor Nederlandsch-Indië	Uitstervende dieren. (*)	artikel	0.9148590021691974	nl	06_Hunt_economical	\N	Nederlands-Indië / Indonesië	\N	\N
ddd:010137088:mpeg21:a0004	1862	Algemeen Handelsblad	Duitsche Post	artikel	0.9373673036093418	nl	05_Pest_control	\N	Landelijk	\N	\N
ddd:010137989:mpeg21:a0004	1863	Algemeen Handelsblad	BINNENLAND.	artikel	0.9590136054421768	nl	02_Nuisance_material	\N	Landelijk	\N	\N
ddd:010138494:mpeg21:a0018	1867	Algemeen Handelsblad	Advertentie	advertentie	0.7808988764044944	nl	06_Hunt_economical	\N	Landelijk	\N	\N
ddd:010139391:mpeg21:a0044	1864	Algemeen Handelsblad	Advertentie	advertentie	0.7477477477477478	nl	06_Hunt_economical	\N	Landelijk	\N	\N
ddd:010139400:mpeg21:a0032	1864	Algemeen Handelsblad	Advertentie	advertentie	0.7313195548489666	nl	06_Hunt_economical	\N	Landelijk	\N	\N
ddd:010139419:mpeg21:a0042	1864	Algemeen Handelsblad	Advertentie	advertentie	0.8485370051635112	nl	06_Hunt_economical	\N	Landelijk	\N	\N
ddd:010139443:mpeg21:a0058	1864	Algemeen Handelsblad	Advertentie	advertentie	0.8099041533546326	nl	06_Hunt_economical	\N	Landelijk	\N	\N
ddd:010140121:mpeg21:a0021	1865	Algemeen Handelsblad	Advertentie	advertentie	0.8247978436657682	nl	06_Hunt_economical	\N	Landelijk	\N	\N
ddd:010140132:mpeg21:a0016	1865	Algemeen Handelsblad	Advertentie	advertentie	0.8484288354898336	nl	06_Hunt_economical	\N	Landelijk	\N	\N
ddd:010140148:mpeg21:a0025	1865	Algemeen Handelsblad	Advertentie	advertentie	0.8527131782945736	nl	06_Hunt_economical	\N	Landelijk	\N	\N
ddd:010141190:mpeg21:a0003	1868	Algemeen Handelsblad	Advertentie	advertentie	0.8871181938911022	nl	06_Hunt_economical	\N	Landelijk	\N	\N
ddd:010141199:mpeg21:a0025	1868	Algemeen Handelsblad	Advertentie	advertentie	0.7841561423650976	nl	06_Hunt_economical	\N	Landelijk	\N	\N
ddd:010141237:mpeg21:a0028	1868	Algemeen Handelsblad	Advertentie	advertentie	0.7024793388429752	nl	06_Hunt_economical	\N	Landelijk	\N	\N
ddd:010153592:mpeg21:a0017	1881	Nieuwe Tilburgsche Courant	Advertentie	advertentie	0.705	nl	06_Hunt_economical	\N	Regionaal/lokaal	\N	\N
ddd:010667759:mpeg21:a0059	1926	Nieuwsblad van het Noorden	Advertentie	advertentie	0.7	nl	12_Bagger_OCR	\N	Regionaal/lokaal	\N	\N
ddd:011006553:mpeg21:a0018	1879	Rotterdamsch nieuwsblad	Advertentie	advertentie	0.6036036036036037	nl	06_Hunt_economical	\N	Regionaal/lokaal	\N	\N
ddd:010138482:mpeg21:a0003	1867	Algemeen Handelsblad	BINNENLAND.	artikel	0.9298528884104772	nl	05_Pest_control	\N	Landelijk	\N	\N
ddd:010158346:mpeg21:a0019	1906	Nieuwe Tilburgsche Courant	Advertentie	advertentie	0.7757009345794392	nl	06_Hunt_economical	\N	Regionaal/lokaal	\N	\N
ddd:010158352:mpeg21:a0011	1906	Nieuwe Tilburgsche Courant	Advertentie	advertentie	0.7864077669902912	nl	06_Hunt_economical	\N	Regionaal/lokaal	\N	\N
ddd:010158352:mpeg21:a0036	1906	Nieuwe Tilburgsche Courant	Advertentie	advertentie	0.7647058823529411	nl	06_Hunt_economical	\N	Regionaal/lokaal	\N	\N
ddd:010164547:mpeg21:a0028	1906	Het nieuws van den dag : kleine courant	Advertentie	advertentie	0.608	nl	06_Hunt_economical	\N	Regionaal/lokaal	\N	\N
ddd:010167336:mpeg21:a0075	1913	Het nieuws van den dag voor Nederlandsch-Indië	Advertentie	advertentie	0.7787610619469026	nl	01_Natural_history	\N	Nederlands-Indië / Indonesië	\N	\N
ddd:010174434:mpeg21:a0010	1848	Bredasche courant	Advertentie	advertentie	0.8293918918918919	nl	06_Hunt_economical	\N	Regionaal/lokaal	\N	\N
ddd:010189443:mpeg21:a0050	1906	Tilburgsche courant	Advertentie	advertentie	0.5573770491803278	nl	06_Hunt_economical	\N	Regionaal/lokaal	\N	\N
ddd:010196947:mpeg21:a0216	1907	Rotterdamsch nieuwsblad	Advertentie	advertentie	0.5079365079365079	nl	06_Hunt_economical	\N	Regionaal/lokaal	\N	\N
ddd:010196963:mpeg21:a0095	1907	Rotterdamsch nieuwsblad	Advertentie	advertentie	0.7908496732026143	nl	06_Hunt_economical	\N	Regionaal/lokaal	\N	\N
ddd:010196965:mpeg21:a0178	1907	Rotterdamsch nieuwsblad	Advertentie	advertentie	0.804635761589404	nl	06_Hunt_economical	\N	Regionaal/lokaal	\N	\N
ddd:010196973:mpeg21:a0135	1907	Rotterdamsch nieuwsblad	Advertentie	advertentie	0.5230769230769231	nl	06_Hunt_economical	\N	Regionaal/lokaal	\N	\N
ddd:010167331:mpeg21:a0137	1913	Het nieuws van den dag voor Nederlandsch-Indië	Handel in pelzen.	artikel	0.8327974276527331	nl	06_Hunt_economical	\N	Nederlands-Indië / Indonesië	\N	\N
ddd:010167375:mpeg21:a0121	1913	Het nieuws van den dag voor Nederlandsch-Indië	De wereldhandel in pelzen.	artikel	0.8967136150234741	nl	12_Bagger_OCR	\N	Nederlands-Indië / Indonesië	\N	\N
ddd:010189341:mpeg21:a0065	1906	Tilburgsche courant	Gemengd Nieuws. EENE NIEUWE SOORT MONNIKEN.	artikel	0.948936170212766	nl	06_Hunt_economical	\N	Regionaal/lokaal	\N	\N
ddd:010190211:mpeg21:a0023	1912	Tilburgsche courant	Voor de Vrouwen MOPESNUTJES.	artikel	0.8646362098138748	nl	06_Hunt_economical	\N	Regionaal/lokaal	\N	\N
ddd:010197112:mpeg21:a0188	1910	Rotterdamsch nieuwsblad	Advertentie	advertentie	0.7345679012345679	nl	06_Hunt_economical	\N	Regionaal/lokaal	\N	\N
ddd:010197270:mpeg21:a0035	1908	Rotterdamsch nieuwsblad	Advertentie	advertentie	0.6263736263736264	nl	06_Hunt_economical	\N	Regionaal/lokaal	\N	\N
ddd:010197281:mpeg21:a0034	1908	Rotterdamsch nieuwsblad	Advertentie	advertentie	0.5425531914893617	nl	06_Hunt_economical	\N	Regionaal/lokaal	\N	\N
ddd:010197285:mpeg21:a0086	1908	Rotterdamsch nieuwsblad	Advertentie	advertentie	0.5943396226415094	nl	06_Hunt_economical	\N	Regionaal/lokaal	\N	\N
ddd:010197318:mpeg21:a0024	1908	Rotterdamsch nieuwsblad	Advertentie	advertentie	0.6521739130434783	nl	06_Hunt_economical	\N	Regionaal/lokaal	\N	\N
ddd:010198047:mpeg21:a0113	1909	Rotterdamsch nieuwsblad	Advertentie	advertentie	0.8256227758007118	nl	06_Hunt_economical	\N	Regionaal/lokaal	\N	\N
ddd:010212277:mpeg21:a0022	1926	Voorwaarts : sociaal-democratisch dagblad	Advertentie	advertentie	0.6875	nl	06_Hunt_economical	\N	Landelijk	\N	\N
ddd:010213682:mpeg21:a0265	1906	Rotterdamsch nieuwsblad	Advertentie	advertentie	0.8346456692913385	nl	06_Hunt_economical	\N	Regionaal/lokaal	\N	\N
ddd:010213683:mpeg21:a0127	1906	Rotterdamsch nieuwsblad	Advertentie	advertentie	0.806930693069307	nl	06_Hunt_economical	\N	Regionaal/lokaal	\N	\N
ddd:010213688:mpeg21:a0091	1906	Rotterdamsch nieuwsblad	Advertentie	advertentie	0.7368421052631579	nl	06_Hunt_economical	\N	Regionaal/lokaal	\N	\N
ddd:010213890:mpeg21:a0072	1906	Rotterdamsch nieuwsblad	Advertentie	advertentie	0.8	nl	06_Hunt_economical	\N	Regionaal/lokaal	\N	\N
ddd:010213971:mpeg21:a0088	1906	Rotterdamsch nieuwsblad	Advertentie	advertentie	0.6933333333333334	nl	06_Hunt_economical	\N	Regionaal/lokaal	\N	\N
ddd:010222161:mpeg21:a0049	1850	Nieuwe Rotterdamsche courant : staats-, handels-, nieuws- en advertentieblad	Advertentie	advertentie	0.8195876288659794	nl	12_Bagger_OCR	\N	Landelijk	\N	\N
ddd:010222278:mpeg21:a0243	1912	Rotterdamsch nieuwsblad	Advertentie	advertentie	0.6829268292682927	nl	06_Hunt_economical	\N	Regionaal/lokaal	\N	\N
ddd:010222302:mpeg21:a0226	1912	Rotterdamsch nieuwsblad	Advertentie	advertentie	0.65	nl	06_Hunt_economical	\N	Regionaal/lokaal	\N	\N
ddd:010222746:mpeg21:a0075	1913	Nieuwe Tilburgsche Courant	Advertentie	advertentie	0.6436781609195402	nl	06_Hunt_economical	\N	onbekend	\N	\N
ddd:010240592:mpeg21:a0007	1860	Algemeen Handelsblad	Advertentie	advertentie	0.7064846416382252	nl	06_Hunt_economical	\N	Landelijk	\N	\N
ddd:010240607:mpeg21:a0012	1860	Algemeen Handelsblad	Advertentie	advertentie	0.810546875	nl	06_Hunt_economical	\N	Landelijk	\N	\N
ddd:010295753:mpeg21:a0095	1914	Rotterdamsch nieuwsblad	Advertentie	advertentie	0.7323943661971831	nl	06_Hunt_economical	\N	Regionaal/lokaal	\N	\N
ddd:010295841:mpeg21:a0134	1913	Rotterdamsch nieuwsblad	Advertentie	advertentie	0.8111332007952287	nl	06_Hunt_economical	\N	Regionaal/lokaal	\N	\N
ddd:010295869:mpeg21:a0071	1913	Rotterdamsch nieuwsblad	Advertentie	advertentie	0.7401574803149606	nl	06_Hunt_economical	\N	Regionaal/lokaal	\N	\N
ddd:010296135:mpeg21:a0142	1915	Rotterdamsch nieuwsblad	Advertentie	advertentie	0.8403755868544601	nl	06_Hunt_economical	\N	Regionaal/lokaal	\N	\N
ddd:010296147:mpeg21:a0078	1915	Rotterdamsch nieuwsblad	Advertentie	advertentie	0.8057692307692308	nl	06_Hunt_economical	\N	Regionaal/lokaal	\N	\N
ddd:010296407:mpeg21:a0142	1917	Rotterdamsch nieuwsblad	Advertentie	advertentie	0.5381679389312977	nl	06_Hunt_economical	\N	Regionaal/lokaal	\N	\N
ddd:010296777:mpeg21:a0140	1917	Rotterdamsch nieuwsblad	Advertentie	advertentie	0.7174887892376681	nl	06_Hunt_economical	\N	Regionaal/lokaal	\N	\N
ddd:010296779:mpeg21:a0080	1917	Rotterdamsch nieuwsblad	Advertentie	advertentie	0.6494252873563219	nl	06_Hunt_economical	\N	Regionaal/lokaal	\N	\N
ddd:010227546:mpeg21:a0189	1938	Het nieuws van den dag voor Nederlandsch-Indië	Zelfoverwinningen...	artikel	0.864693446088795	nl	06_Hunt_economical	\N	Nederlands-Indië / Indonesië	\N	\N
ddd:010227673:mpeg21:a0241	1938	Het nieuws van den dag voor Nederlandsch-Indië	De Wereld der Vrouw Het Avontuur met Sascha, den Leeuw Strenge Tucht in de Kinderafdeeling van den Dierentuin Vrouwen Verzorgen Leeuwen- en Berenbabies	artikel	0.9218637992831541	nl	01_Natural_history	\N	Nederlands-Indië / Indonesië	\N	\N
ddd:010228910:mpeg21:a0232	1930	Het nieuws van den dag voor Nederlandsch-Indië	Ze Kennen de Levende Natuur?	artikel	0.9297124600638977	nl	01_Natural_history	\N	Nederlands-Indië / Indonesië	\N	\N
ddd:010296385:mpeg21:a0038	1917	Rotterdamsch nieuwsblad	Mi. Marten Mees	artikel	0.8542354235423543	nl	06_Hunt_economical	\N	Regionaal/lokaal	\N	\N
ddd:010297170:mpeg21:a0062	1918	Rotterdamsch nieuwsblad	Advertentie	advertentie	0.6507936507936508	nl	06_Hunt_economical	\N	Regionaal/lokaal	\N	\N
ddd:010348428:mpeg21:a0206	1928	Limburger koerier : provinciaal dagblad	Advertentie	advertentie	0.7827380952380952	nl	06_Hunt_economical	\N	Regionaal/lokaal	\N	\N
ddd:010493500:mpeg21:a0034	1869	Algemeen Handelsblad	Advertentie	advertentie	0.7437185929648241	nl	06_Hunt_economical	\N	Landelijk	\N	\N
ddd:010493561:mpeg21:a0113	1920	Rotterdamsch nieuwsblad	Advertentie	advertentie	0.6866359447004609	nl	06_Hunt_economical	\N	Regionaal/lokaal	\N	\N
ddd:010494168:mpeg21:a0048	1920	Rotterdamsch nieuwsblad	Advertentie	advertentie	0.672645739910314	nl	06_Hunt_economical	\N	Regionaal/lokaal	\N	\N
ddd:010494172:mpeg21:a0113	1920	Rotterdamsch nieuwsblad	Advertentie	advertentie	0.6569767441860465	nl	06_Hunt_economical	\N	Regionaal/lokaal	\N	\N
ddd:010494353:mpeg21:a0069	1919	Rotterdamsch nieuwsblad	Advertentie	advertentie	0.7887719298245615	nl	06_Hunt_economical	\N	Regionaal/lokaal	\N	\N
ddd:010494940:mpeg21:a0059	1923	Rotterdamsch nieuwsblad	Advertentie	advertentie	0.7276995305164319	nl	12_Bagger_OCR	\N	Regionaal/lokaal	\N	\N
ddd:010495172:mpeg21:a0234	1924	Rotterdamsch nieuwsblad	Advertentie	advertentie	0.7142857142857143	nl	06_Hunt_economical	\N	Regionaal/lokaal	\N	\N
ddd:010513982:mpeg21:a0145	1927	Rotterdamsch nieuwsblad	Advertentie	advertentie	0.6962025316455697	nl	06_Hunt_economical	\N	Regionaal/lokaal	\N	\N
ddd:010514418:mpeg21:a0125	1928	Rotterdamsch nieuwsblad	Advertentie	advertentie	0.6972972972972973	nl	06_Hunt_economical	\N	Regionaal/lokaal	\N	\N
ddd:010346459:mpeg21:a0020	1920	Limburger koerier : provinciaal dagblad	Aanwinsten voor het Museum.	artikel	0.8387096774193549	nl	01_Natural_history	\N	Regionaal/lokaal	\N	\N
ddd:010382429:mpeg21:a0256	1938	De Sumatra post	I„Ziet u Sascha daar&quot;, zegt zij, „zij heeft	artikel	0.9238683127572016	nl	01_Natural_history	\N	Nederlands-Indië / Indonesië	\N	\N
ddd:010528851:mpeg21:a0007	1869	Opregte Haarlemsche Courant	HANDELSBERIGTEN.	artikel	0.8427571351642434	nl	06_Hunt_economical	\N	Regionaal/lokaal	\N	\N
ddd:010597723:mpeg21:a0081	1906	Leeuwarder courant	Advertentie	advertentie	0.5535714285714286	nl	06_Hunt_economical	\N	Regionaal/lokaal	\N	\N
ddd:010597419:mpeg21:a0049	1905	Leeuwarder courant	Advertentie	advertentie	0.6422018348623854	nl	06_Hunt_economical	\N	Regionaal/lokaal	\N	\N
ddd:010597424:mpeg21:a0101	1905	Leeuwarder courant	Advertentie	advertentie	0.6532258064516129	nl	06_Hunt_economical	\N	Regionaal/lokaal	\N	\N
ddd:010597723:mpeg21:a0041	1906	Leeuwarder courant	Advertentie	advertentie	0.77	nl	06_Hunt_economical	\N	Regionaal/lokaal	\N	\N
ddd:010597732:mpeg21:a0041	1906	Leeuwarder courant	Advertentie	advertentie	0.8185840707964602	nl	06_Hunt_economical	\N	Regionaal/lokaal	\N	\N
ddd:010597735:mpeg21:a0054	1906	Leeuwarder courant	Advertentie	advertentie	0.7315789473684211	nl	06_Hunt_economical	\N	Regionaal/lokaal	\N	\N
ddd:010597747:mpeg21:a0041	1906	Leeuwarder courant	Advertentie	advertentie	0.752	nl	06_Hunt_economical	\N	Regionaal/lokaal	\N	\N
ddd:010598344:mpeg21:a0072	1908	Leeuwarder courant	Advertentie	advertentie	0.6226053639846744	nl	06_Hunt_economical	\N	Regionaal/lokaal	\N	\N
ddd:010530288:mpeg21:a0117	1924	De Tĳd : godsdienstig-staatkundig dagblad	Het Dierenpark van Burgers te Arnhem.	artikel	0.9437037037037037	nl	01_Natural_history	\N	Landelijk	\N	\N
ddd:010531137:mpeg21:a0066	1930	De Tĳd : godsdienstig-staatkundig dagblad	FAILLISSEMENTEN.	artikel	0.7961538461538461	nl	06_Hunt_economical	\N	Landelijk	\N	\N
ddd:010540114:mpeg21:a0080	1935	De Tĳd : godsdienstig-staatkundig dagblad	AMSTERDAM PELSVEILINGEN In de nieuwe Markthal	artikel	0.8028169014084507	nl	06_Hunt_economical	\N	Landelijk	\N	\N
ddd:010548595:mpeg21:a0203	1909	De Tĳd : godsdienstig-staatkundig dagblad	Artis.	artikel	0.8035087719298246	nl	01_Natural_history	\N	Landelijk	\N	\N
ddd:010600808:mpeg21:a0092	1916	Leeuwarder courant	Advertentie	advertentie	0.7956204379562044	nl	06_Hunt_economical	\N	Regionaal/lokaal	\N	\N
ddd:010601062:mpeg21:a0039	1917	Leeuwarder courant	Advertentie	advertentie	0.852112676056338	nl	06_Hunt_economical	\N	Regionaal/lokaal	\N	\N
ddd:010601063:mpeg21:a0070	1917	Leeuwarder courant	Advertentie	advertentie	0.8320610687022901	nl	06_Hunt_economical	\N	Regionaal/lokaal	\N	\N
ddd:010601121:mpeg21:a0085	1917	Leeuwarder courant	Advertentie	advertentie	0.8122448979591836	nl	06_Hunt_economical	\N	Regionaal/lokaal	\N	\N
ddd:010601128:mpeg21:a0082	1917	Leeuwarder courant	Advertentie	advertentie	0.7735849056603774	nl	06_Hunt_economical	\N	Regionaal/lokaal	\N	\N
ddd:010601135:mpeg21:a0111	1917	Leeuwarder courant	Advertentie	advertentie	0.42016806722689076	nl	06_Hunt_economical	\N	Regionaal/lokaal	\N	\N
ddd:010601136:mpeg21:a0065	1917	Leeuwarder courant	Advertentie	advertentie	0.7851851851851852	nl	06_Hunt_economical	\N	Regionaal/lokaal	\N	\N
ddd:010601140:mpeg21:a0076	1917	Leeuwarder courant	Advertentie	advertentie	0.7045454545454546	nl	06_Hunt_economical	\N	Regionaal/lokaal	\N	\N
ddd:010602028:mpeg21:a0138	1920	Leeuwarder courant	Advertentie	advertentie	0.7464788732394366	nl	06_Hunt_economical	\N	Regionaal/lokaal	\N	\N
ddd:010602030:mpeg21:a0067	1920	Leeuwarder courant	Advertentie	advertentie	0.7108433734939759	nl	06_Hunt_economical	\N	Regionaal/lokaal	\N	\N
ddd:010602939:mpeg21:a0050	1923	Leeuwarder courant	Advertentie	advertentie	0.7672955974842768	nl	06_Hunt_economical	\N	Regionaal/lokaal	\N	\N
ddd:010603072:mpeg21:a0107	1924	Leeuwarder courant	Advertentie	advertentie	0.7623762376237624	nl	06_Hunt_economical	\N	Regionaal/lokaal	\N	\N
ddd:010603073:mpeg21:a0117	1924	Leeuwarder courant	Advertentie	advertentie	0.8015564202334631	nl	06_Hunt_economical	\N	Regionaal/lokaal	\N	\N
ddd:010604310:mpeg21:a0097	1928	Leeuwarder courant	Advertentie	advertentie	0.6785714285714286	nl	06_Hunt_economical	\N	Regionaal/lokaal	\N	\N
ddd:010660965:mpeg21:a0020	1930	Algemeen Handelsblad	Advertentie	advertentie	0.8324873096446701	nl	06_Hunt_economical	\N	Landelijk	\N	\N
ddd:010600237:mpeg21:a0144	1914	Leeuwarder courant	Hoe men imitatie-bont van echt kan onderscheiden.	artikel	0.863517060367454	nl	06_Hunt_economical	\N	Regionaal/lokaal	\N	\N
ddd:010653376:mpeg21:a0017	1918	Algemeen Handelsblad	Advertentie	advertentie	0.7597173144876325	nl	06_Hunt_economical	\N	Landelijk	\N	\N
ddd:010653749:mpeg21:a0022	1919	Algemeen Handelsblad	Advertentie	advertentie	0.6497175141242938	nl	12_Bagger_OCR	\N	Landelijk	\N	\N
ddd:010654246:mpeg21:a0023	1919	Algemeen Handelsblad	Advertentie	advertentie	0.7323076923076923	nl	06_Hunt_economical	\N	Landelijk	\N	\N
ddd:010654540:mpeg21:a0020	1920	Algemeen Handelsblad	Advertentie	advertentie	0.7520661157024794	nl	06_Hunt_economical	\N	Landelijk	\N	\N
ddd:010658467:mpeg21:a0104	1923	Algemeen Handelsblad	Advertentie	advertentie	0.7947598253275109	nl	06_Hunt_economical	\N	Landelijk	\N	\N
ddd:010659413:mpeg21:a0119	1929	Algemeen Handelsblad	Advertentie	advertentie	0.6510263929618768	nl	06_Hunt_economical	\N	Landelijk	\N	\N
ddd:010607464:mpeg21:a0033	1938	Leeuwarder courant	BONTSHOW	artikel	0.9213893967093236	nl	06_Hunt_economical	\N	Regionaal/lokaal	\N	\N
ddd:010607583:mpeg21:a0164	1939	Leeuwarder courant	UIT DE NATUUR	artikel	0.8806544754571703	nl	01_Natural_history	\N	Regionaal/lokaal	\N	\N
ddd:010654548:mpeg21:a0173	1921	Algemeen Handelsblad	Van de oude aarde en het nieuwe weten.	artikel	0.8374476013041453	nl	06_Hunt_economical	\N	Landelijk	\N	\N
ddd:010655859:mpeg21:a0065	1921	Algemeen Handelsblad	Nabootsing van geluiden.	artikel	0.926829268292683	nl	01_Natural_history	\N	Landelijk	\N	\N
ddd:010658893:mpeg21:a0251	1929	Algemeen Handelsblad	NAAMLOOZE VENNOOTSCHAPPEN. („Staatscourant” No. 62). Oprichtingen.	artikel	0.8031914893617021	nl	11_Nobeast	\N	Landelijk	\N	\N
ddd:010661239:mpeg21:a0063	1931	Algemeen Handelsblad	Advertentie	advertentie	0.8192771084337349	nl	06_Hunt_economical	\N	Landelijk	\N	\N
ddd:010663301:mpeg21:a0041	1933	Algemeen Handelsblad	Advertentie	advertentie	0.7154471544715447	nl	06_Hunt_economical	\N	Landelijk	\N	\N
ddd:010666814:mpeg21:a0068	1911	Nieuwsblad van het Noorden	Advertentie	advertentie	0.7807308970099668	nl	06_Hunt_economical	\N	Regionaal/lokaal	\N	\N
ddd:010666826:mpeg21:a0071	1911	Nieuwsblad van het Noorden	Advertentie	advertentie	0.7683823529411765	nl	06_Hunt_economical	\N	Regionaal/lokaal	\N	\N
ddd:010669304:mpeg21:a0050	1926	Nieuwsblad van het Noorden	Advertentie	advertentie	0.6833333333333333	nl	06_Hunt_economical	\N	Regionaal/lokaal	\N	\N
ddd:010674930:mpeg21:a0118	1929	Nieuwsblad van het Noorden	Advertentie	advertentie	0.7727272727272727	nl	06_Hunt_economical	\N	Regionaal/lokaal	\N	\N
ddd:010674933:mpeg21:a0136	1929	Nieuwsblad van het Noorden	Advertentie	advertentie	0.5609756097560976	nl	06_Hunt_economical	\N	Regionaal/lokaal	\N	\N
ddd:010682098:mpeg21:a0014	1917	Middelburgsche courant	Advertentie	advertentie	0.7326732673267327	nl	06_Hunt_economical	\N	Regionaal/lokaal	\N	\N
ddd:010682099:mpeg21:a0012	1917	Middelburgsche courant	Advertentie	advertentie	0.76	nl	06_Hunt_economical	\N	Regionaal/lokaal	\N	\N
ddd:010734378:mpeg21:a0012	1925	Nieuwsblad van Friesland : Hepkema's courant	Advertentie	advertentie	0.6498194945848376	nl	06_Hunt_economical	\N	Regionaal/lokaal	\N	\N
ddd:010735279:mpeg21:a0083	1924	Nieuwsblad van Friesland : Hepkema's courant	Advertentie	advertentie	0.5300546448087432	nl	06_Hunt_economical	\N	Regionaal/lokaal	\N	\N
ddd:010735282:mpeg21:a0021	1924	Nieuwsblad van Friesland : Hepkema's courant	Advertentie	advertentie	0.6555555555555556	nl	06_Hunt_economical	\N	Regionaal/lokaal	\N	\N
ddd:011006564:mpeg21:a0019	1879	Rotterdamsch nieuwsblad	Advertentie	advertentie	0.6526717557251909	nl	06_Hunt_economical	\N	Regionaal/lokaal	\N	\N
ddd:010661318:mpeg21:a0216	1930	Algemeen Handelsblad	ZE KENNEN DE LEVENDE NATUURI	artikel	0.9143835616438356	nl	01_Natural_history	\N	Landelijk	\N	\N
ddd:010676443:mpeg21:a0254	1938	Nieuwsblad van het Noorden	FEUILLETON HET HUIS VOL GELUK Roman van L. HAUTESOURCE. Geautoriseerde vertaling van Marcelle Schlomer. (Nadruk verboden.)	artikel	0.9671015314804311	nl	01_Natural_history	literature	Regionaal/lokaal	\N	\N
ddd:010736090:mpeg21:a0122	1906	Nieuwsblad van Friesland : Hepkema's courant	Advertentie	advertentie	0.7493112947658402	nl	06_Hunt_economical	\N	Regionaal/lokaal	\N	\N
ddd:010745027:mpeg21:a0081	1931	Leeuwarder nieuwsblad : goedkoop advertentieblad	Advertentie	advertentie	0.6896551724137931	nl	06_Hunt_economical	\N	Regionaal/lokaal	\N	\N
ddd:010759893:mpeg21:a0073	1923	Nieuwsblad van Friesland : Hepkema's courant	Advertentie	advertentie	0.6878048780487804	nl	06_Hunt_economical	\N	Regionaal/lokaal	\N	\N
ddd:010759895:mpeg21:a0083	1923	Nieuwsblad van Friesland : Hepkema's courant	Advertentie	advertentie	0.6592920353982301	nl	06_Hunt_economical	\N	Regionaal/lokaal	\N	\N
ddd:010761429:mpeg21:a0269	1929	Nieuwsblad van Friesland : Hepkema's courant	Advertentie	advertentie	0.5384615384615384	nl	06_Hunt_economical	\N	Regionaal/lokaal	\N	\N
ddd:010735355:mpeg21:a0229	1933	Nieuwsblad van Friesland : Hepkema's courant	Huisdieren Hoe kunnen wilde dierea tot huisdieren worden gemaakt?	artikel	0.9528571428571428	nl	01_Natural_history	\N	Regionaal/lokaal	\N	\N
ddd:010744416:mpeg21:a0091	1929	Leeuwarder nieuwsblad : goedkoop advertentieblad	HET FOKKEN VAN ZILVERVOSSEN EN ANDERE PELSDIEREN.	artikel	0.9061371841155235	nl	01_Natural_history	\N	Regionaal/lokaal	\N	\N
ddd:010746802:mpeg21:a0151	1930	Leeuwarder nieuwsblad : goedkoop advertentieblad	De boom- of edelmarter (Mustéla mártes).	artikel	0.9193548387096774	nl	01_Natural_history	\N	Regionaal/lokaal	\N	\N
ddd:010761315:mpeg21:a0087	1930	Nieuwsblad van Friesland : Hepkema's courant	De boom- of edelmarter (Mustéla mártes).	artikel	0.8918918918918919	nl	01_Natural_history	\N	Regionaal/lokaal	\N	\N
ddd:010773005:mpeg21:a0023	1853	Groninger courant	GRONINGEN, 25 Julij.	artikel	0.9068150208623088	nl	05_Pest_control	\N	Regionaal/lokaal	\N	\N
ddd:010776084:mpeg21:a0033	1853	Utrechtsche provinciale en stads-courant : algemeen advertentieblad	UTRECHT 20 Julij.	artikel	0.9344370860927153	nl	12_Bagger_OCR	\N	Regionaal/lokaal	\N	\N
ddd:010805956:mpeg21:a0001	1867	Utrechtsch provinciaal en stedelĳk dagblad : algemeen advertentie-blad	UTRECHT, Dingsdag 22 Oktober.	artikel	0.9028475711892797	nl	05_Pest_control	\N	Regionaal/lokaal	\N	\N
ddd:010858021:mpeg21:a0035	1928	Nieuw Israelietisch weekblad	Advertentie	advertentie	0.639344262295082	nl	06_Hunt_economical	\N	Landelijk	\N	\N
ddd:010859512:mpeg21:a0034	1910	Nieuw Israelietisch weekblad	Advertentie	advertentie	0.7725118483412322	nl	06_Hunt_economical	\N	Landelijk	\N	\N
ddd:010872669:mpeg21:a0006	1908	Nieuw Israelietisch weekblad	Advertentie	advertentie	0.859375	nl	06_Hunt_economical	\N	Landelijk	\N	\N
ddd:010872755:mpeg21:a0004	1909	Nieuw Israelietisch weekblad	Advertentie	advertentie	0.768	nl	06_Hunt_economical	\N	Landelijk	\N	\N
ddd:010872761:mpeg21:a0022	1909	Nieuw Israelietisch weekblad	Advertentie	advertentie	0.7741935483870968	nl	06_Hunt_economical	\N	Landelijk	\N	\N
ddd:010888243:mpeg21:a0010	1902	Nieuwsblad van het Noorden	Advertentie	advertentie	0.8216216216216217	nl	06_Hunt_economical	\N	Regionaal/lokaal	\N	\N
ddd:010890986:mpeg21:a0106	1904	Nieuwsblad van het Noorden	Advertentie	advertentie	0.7957446808510639	nl	06_Hunt_economical	\N	Regionaal/lokaal	\N	\N
ddd:010894812:mpeg21:a0129	1906	Nieuwsblad van het Noorden	Advertentie	advertentie	0.6266666666666667	nl	06_Hunt_economical	\N	Regionaal/lokaal	\N	\N
ddd:010894824:mpeg21:a0136	1906	Nieuwsblad van het Noorden	Advertentie	advertentie	0.6329113924050633	nl	06_Hunt_economical	\N	Regionaal/lokaal	\N	\N
ddd:010901528:mpeg21:a0026	1856	Middelburgsche courant	Advertentie	advertentie	0.821969696969697	nl	06_Hunt_economical	\N	Regionaal/lokaal	\N	\N
ddd:010925534:mpeg21:a0012	1861	Leydse courant	Advertentie	advertentie	0.8631713554987213	nl	06_Hunt_economical	\N	Regionaal/lokaal	\N	\N
ddd:010853925:mpeg21:a0125	1930	De banier : staatkundig gereformeerd dagblad	Faillissementen Opgegeven door v.d. Graaf &amp;amp; Co. (Afd. Handelsinformaties).	artikel	0.8479657387580299	nl	11_Nobeast	\N	Landelijk	\N	\N
ddd:010854207:mpeg21:a0039	1930	De banier : staatkundig gereformeerd dagblad	Groote partij bont vermist.	artikel	0.8449612403100775	nl	06_Hunt_economical	\N	Landelijk	\N	\N
ddd:010891020:mpeg21:a0164	1906	Nieuwsblad van het Noorden	Gemeentelijk Nieuws. GRONINGEN.	artikel	0.8519817607856892	nl	02_Nuisance_material	\N	Regionaal/lokaal	\N	\N
ddd:010855896:mpeg21:a0075	1935	De banier : staatkundig gereformeerd dagblad	Familiebericht	familiebericht	0.81875	nl	01_Natural_history	\N	Landelijk	\N	\N
ddd:010931542:mpeg21:a0036	1928	Limburgsch dagblad	Advertentie	advertentie	0.6306306306306306	nl	06_Hunt_economical	\N	Regionaal/lokaal	\N	\N
ddd:010972734:mpeg21:a0024	1845	Algemeen Handelsblad	Advertentie	advertentie	0.8170144462279294	nl	06_Hunt_economical	\N	Landelijk	\N	\N
ddd:010972735:mpeg21:a0023	1845	Algemeen Handelsblad	Advertentie	advertentie	0.8267716535433071	nl	06_Hunt_economical	\N	Landelijk	\N	\N
ddd:010994872:mpeg21:a0068	1913	Nieuwe Tilburgsche Courant	Advertentie	advertentie	0.6888888888888889	nl	06_Hunt_economical	\N	Regionaal/lokaal	\N	\N
ddd:010995640:mpeg21:a0022	1919	Rotterdamsch nieuwsblad	Advertentie	advertentie	0.8017492711370262	nl	06_Hunt_economical	\N	Regionaal/lokaal	\N	\N
ddd:011005736:mpeg21:a0030	1879	Rotterdamsche courant	Advertentie	advertentie	0.6907216494845361	nl	12_Bagger_OCR	\N	Regionaal/lokaal	\N	\N
ddd:011005752:mpeg21:a0020	1879	Rotterdamsche courant	Advertentie	advertentie	0.5675675675675675	nl	06_Hunt_economical	\N	Regionaal/lokaal	\N	\N
ddd:011005764:mpeg21:a0022	1879	Rotterdamsche courant	Advertentie	advertentie	0.5189873417721519	de	06_Hunt_economical	\N	Regionaal/lokaal	\N	\N
ddd:011005770:mpeg21:a0070	1879	Rotterdamsche courant	Advertentie	advertentie	0.7258064516129032	nl	06_Hunt_economical	\N	Regionaal/lokaal	\N	\N
ddd:011005805:mpeg21:a0028	1879	Rotterdamsche courant	Advertentie	advertentie	0.6739130434782609	nl	12_Bagger_OCR	\N	Regionaal/lokaal	\N	\N
ddd:011006552:mpeg21:a0018	1879	Rotterdamsch nieuwsblad	Advertentie	advertentie	0.6102564102564103	de	06_Hunt_economical	\N	Regionaal/lokaal	\N	\N
ddd:010970770:mpeg21:a0151	1933	De Sumatra post	Behoud van Natuurmonumenten. DE SCHOONHEID VAN ONS LAND.	artikel	0.931129476584022	nl	01_Natural_history	\N	Nederlands-Indië / Indonesië	\N	\N
ddd:010992963:mpeg21:a0222	1932	Limburger koerier : provinciaal dagblad	KLEIN ZILVER.	artikel	0.7692307692307693	nl	01_Natural_history	\N	Regionaal/lokaal	\N	\N
ddd:011007769:mpeg21:a0035	1883	Rotterdamsch nieuwsblad	Advertentie	advertentie	0.6265060240963856	nl	06_Hunt_economical	\N	Regionaal/lokaal	\N	\N
ddd:110577284:mpeg21:a0055	1937	De Telegraaf	Advertentie	advertentie	0.8392857142857143	nl	06_Hunt_economical	\N	Landelijk	\N	\N
ddd:011066068:mpeg21:a0047	1876	De standaard	Advertentie	advertentie	0.8520900321543409	nl	06_Hunt_economical	\N	Landelijk	\N	\N
ddd:011151748:mpeg21:a0119	1921	De Graafschap-bode : nieuws- en advertentieblad voor stad- en ambt-Doetinchem, Hummelo en Keppel, Wehl, Zeddam, 's Heerenberg, Ulft, Gendringen, Sillevolde, Terborg, Varsseveld, Dinxperlo, Aalten, Breedevoorde, Lichtenvoorde, Groenlo, Neede, Eibergen, Bor	Advertentie	advertentie	0.8226299694189603	nl	06_Hunt_economical	\N	Regionaal/lokaal	\N	\N
ddd:011152265:mpeg21:a0210	1927	De Graafschap-bode : nieuws- en advertentieblad voor stad- en ambt-Doetinchem, Hummelo en Keppel, Wehl, Zeddam, 's Heerenberg, Ulft, Gendringen, Sillevolde, Terborg, Varsseveld, Dinxperlo, Aalten, Breedevoorde, Lichtenvoorde, Groenlo, Neede, Eibergen, Bor	Advertentie	advertentie	0.7653061224489796	nl	01_Natural_history	\N	Regionaal/lokaal	\N	\N
ddd:011021551:mpeg21:a0018	1853	De Sheboygan Nieuwsbode	Berigten van Europa. NEDERLAND.	artikel	0.9127725856697819	nl	05_Pest_control	\N	Verenigde Staten	\N	\N
ddd:011036292:mpeg21:a0145	1913	Bataviaasch nieuwsblad	Zig-Zags.	artikel	0.937007874015748	nl	05_Pest_control	\N	Nederlands-Indië / Indonesië	\N	\N
ddd:011068212:mpeg21:a0016	1883	De standaard	GEMENGD NIEUWS.	artikel	0.9409669211195929	nl	05_Pest_control	\N	Landelijk	\N	\N
ddd:011114407:mpeg21:a0041	1927	Het volk : dagblad voor de arbeiderspartĳ	Centrale Kinderkommissie Een filmochtend.	artikel	0.8727272727272727	nl	01_Natural_history	\N	Landelijk	\N	\N
ddd:011115684:mpeg21:a0106	1930	Het volk : dagblad voor de arbeiderspartĳ	Faillissementen.	artikel	0.7135135135135136	nl	11_Nobeast	\N	Landelijk	\N	\N
ddd:011115970:mpeg21:a0085	1930	Het volk : dagblad voor de arbeiderspartĳ	Vondsten uit vroeger eeuwen.	artikel	0.9232323232323232	nl	01_Natural_history	\N	Landelijk	\N	\N
ddd:011166172:mpeg21:a0002	1908	De Gooi- en Eemlander : nieuws- en advertentieblad	FEUILLETON. WEZELS EN HUN FAMILIE. Door Dr. A. J. M. GARJEANNE. 2. (Vervolg en slot).	artikel	0.9277736411020104	nl	01_Natural_history	literature	Regionaal/lokaal	\N	\N
ddd:011166214:mpeg21:a0043	1907	De Gooi- en Eemlander : nieuws- en advertentieblad	FEUILLETON. DECEMBER. Door Dr. A. J. M. GARJEANNE.	artikel	0.9595320897881758	nl	01_Natural_history	literature	Regionaal/lokaal	\N	\N
ddd:011167599:mpeg21:a0052	1921	De Gooi- en Eemlander : nieuws- en advertentieblad	GEMENGD NIEUWS.	artikel	0.9021526418786693	nl		\N	Regionaal/lokaal	\N	\N
ddd:011171742:mpeg21:a0124	1935	De Gooi- en Eemlander : nieuws- en advertentieblad	Pelsveilingen in Amsterdam.	artikel	0.8817733990147784	nl		\N	Regionaal/lokaal	\N	\N
ddd:110569713:mpeg21:a0028	1930	De Telegraaf	Advertentie	advertentie	0.7745535714285714	nl	06_Hunt_economical	\N	Landelijk	\N	\N
ddd:110597497:mpeg21:a0064	1921	De Graafschap-bode : nieuws- en advertentieblad voor stad- en ambt-Doetinchem, Hummelo en Keppel, Wehl, Zeddam, 's Heerenberg, Ulft, Gendringen, Sillevolde, Terborg, Varsseveld, Dinxperlo, Aalten, Breedevoorde, Lichtenvoorde, Groenlo, Neede, Eibergen, Bor	Advertentie	advertentie	0.8755364806866953	nl	06_Hunt_economical	\N	Regionaal/lokaal	\N	\N
ddd:011171742:mpeg21:a0143	1935	De Gooi- en Eemlander : nieuws- en advertentieblad	Pelsveilingen in Amsterdam.	artikel	0.8866995073891626	nl	06_Hunt_economical	\N	Regionaal/lokaal	\N	\N
ddd:110578068:mpeg21:a0171	1938	De Telegraaf	Eenige andere zaken.	artikel	0.5474452554744526	nl	06_Hunt_economical	\N	Landelijk	\N	\N
ddd:110593735:mpeg21:a0082	1931	De Graafschap-bode : nieuws- en advertentieblad voor stad- en ambt-Doetinchem, Hummelo en Keppel, Wehl, Zeddam, 's Heerenberg, Ulft, Gendringen, Sillevolde, Terborg, Varsseveld, Dinxperlo, Aalten, Breedevoorde, Lichtenvoorde, Groenlo, Neede, Eibergen, Bor	ANGERLO. De Cross Country te Bingerden.	artikel	0.9266666666666666	nl	11_Nobeast	\N	Regionaal/lokaal	\N	\N
ddd:110597135:mpeg21:a0044	1916	De Graafschap-bode : nieuws- en advertentieblad voor stad- en ambt-Doetinchem, Hummelo en Keppel, Wehl, Zeddam, 's Heerenberg, Ulft, Gendringen, Sillevolde, Terborg, Varsseveld, Dinxperlo, Aalten, Breedevoorde, Lichtenvoorde, Groenlo, Neede, Eibergen, Bor	Geschiedenis van de week.	artikel	0.9244015119697606	nl	06_Hunt_economical	\N	Regionaal/lokaal	\N	\N
ddd:000010704:mpeg21:a0011	1866	Algemeen Handelsblad	Advertentie	advertentie	0.6238095238095238	nl	06_Hunt_economical	\N	Landelijk	\N	\N
ddd:000010759:mpeg21:a0020	1866	Algemeen Handelsblad	Advertentie	advertentie	0.8095238095238095	nl	06_Hunt_economical	\N	Landelijk	\N	\N
ddd:000010772:mpeg21:a0051	1866	Algemeen Handelsblad	Advertentie	advertentie	0.7705696202531646	nl	06_Hunt_economical	\N	Landelijk	\N	\N
ddd:010031857:mpeg21:a0068	1911	Nieuwe Rotterdamsche Courant	Advertentie	advertentie	0.6368286445012787	nl	06_Hunt_economical	\N	Landelijk	\N	\N
ddd:010069611:mpeg21:a0026	1850	Algemeen Handelsblad	Advertentie	advertentie	0.8031693077564637	nl	06_Hunt_economical	\N	Landelijk	\N	\N
ddd:010073897:mpeg21:a0010	1853	Algemeen Handelsblad	Advertentie	advertentie	0.7696188340807175	nl	06_Hunt_economical	\N	Landelijk	\N	\N
ddd:010076193:mpeg21:a0031	1848	Algemeen Handelsblad	Advertentie	advertentie	0.8504347826086956	nl	06_Hunt_economical	\N	Landelijk	\N	\N
ddd:010297011:mpeg21:a0114	1918	Rotterdamsch nieuwsblad	Advertentie	advertentie	0.7487684729064039	nl	06_Hunt_economical	\N	Regionaal/lokaal	\N	\N
ddd:010098362:mpeg21:a0032	1870	Algemeen Handelsblad	Advertentie	advertentie	0.7229916897506925	nl	06_Hunt_economical	\N	Landelijk	\N	\N
ddd:010111748:mpeg21:a0021	1865	Nieuwe Rotterdamsche courant : staats-, handels-, nieuws- en advertentieblad	Advertentie	advertentie	0.7851239669421488	nl	06_Hunt_economical	\N	Landelijk	\N	\N
MMKB04:000137732:mpeg21:a0073	1909	Haagsche courant	Advertentie	advertentie	0.7058823529411765	nl	06_Hunt_economical	\N	Regionaal/lokaal	\N	\N
ddd:110598857:mpeg21:a0049	1935	De Graafschap-bode : nieuws- en advertentieblad voor stad- en ambt-Doetinchem, Hummelo en Keppel, Wehl, Zeddam, 's Heerenberg, Ulft, Gendringen, Sillevolde, Terborg, Varsseveld, Dinxperlo, Aalten, Breedevoorde, Lichtenvoorde, Groenlo, Neede, Eibergen, Bor	DINXPERLO.	artikel	0.8937093275488069	nl	05_Pest_control	\N	Regionaal/lokaal	\N	\N
ddd:110598866:mpeg21:a0040	1935	De Graafschap-bode : nieuws- en advertentieblad voor stad- en ambt-Doetinchem, Hummelo en Keppel, Wehl, Zeddam, 's Heerenberg, Ulft, Gendringen, Sillevolde, Terborg, Varsseveld, Dinxperlo, Aalten, Breedevoorde, Lichtenvoorde, Groenlo, Neede, Eibergen, Bor	Chr. Zangver. „Looft den Heere&quot;.	artikel	0.8798586572438163	nl	05_Pest_control	\N	Regionaal/lokaal	\N	\N
ddd:010116712:mpeg21:a0022	1868	Nieuwe Rotterdamsche courant : staats-, handels-, nieuws- en advertentieblad	Advertentie	advertentie	0.6706586826347305	nl	06_Hunt_economical	\N	Landelijk	\N	\N
ddd:010138335:mpeg21:a0043	1867	Algemeen Handelsblad	Advertentie	advertentie	0.8456591639871383	nl	06_Hunt_economical	\N	Landelijk	\N	\N
ddd:010138360:mpeg21:a0051	1867	Algemeen Handelsblad	Advertentie	advertentie	0.7965367965367965	nl	06_Hunt_economical	\N	Landelijk	\N	\N
ddd:010153594:mpeg21:a0018	1881	Nieuwe Tilburgsche Courant	Advertentie	advertentie	0.7157360406091371	nl	06_Hunt_economical	\N	Regionaal/lokaal	\N	\N
ddd:010167335:mpeg21:a0058	1913	Het nieuws van den dag voor Nederlandsch-Indië	Advertentie	advertentie	0.890625	nl	01_Natural_history	\N	Nederlands-Indië / Indonesië	\N	\N
ddd:010196988:mpeg21:a0168	1907	Rotterdamsch nieuwsblad	Advertentie	advertentie	0.746268656716418	nl	06_Hunt_economical	\N	Regionaal/lokaal	\N	\N
ddd:010212044:mpeg21:a0139	1928	Voorwaarts : sociaal-democratisch dagblad	Advertentie	advertentie	0.8085106382978723	nl	06_Hunt_economical	\N	Landelijk	\N	\N
ddd:010240566:mpeg21:a0022	1860	Algemeen Handelsblad	Advertentie	advertentie	0.7940074906367042	nl	06_Hunt_economical	\N	Landelijk	\N	\N
ddd:010295804:mpeg21:a0203	1914	Rotterdamsch nieuwsblad	Advertentie	advertentie	0.7636655948553055	nl	06_Hunt_economical	\N	Regionaal/lokaal	\N	\N
ddd:010297024:mpeg21:a0072	1918	Rotterdamsch nieuwsblad	Advertentie	advertentie	0.7099236641221374	nl	06_Hunt_economical	\N	Regionaal/lokaal	\N	\N
ddd:010514071:mpeg21:a0102	1927	Rotterdamsch nieuwsblad	Advertentie	advertentie	0.7854251012145749	nl	06_Hunt_economical	\N	Regionaal/lokaal	\N	\N
ddd:010586366:mpeg21:a0044	1872	Leeuwarder courant	Advertentie	advertentie	0.7142857142857143	nl	06_Hunt_economical	\N	Regionaal/lokaal	\N	\N
MMKB04:000140623:mpeg21:a0081	1922	Haagsche courant	Advertentie	advertentie	0.7941747572815534	nl	06_Hunt_economical	\N	Regionaal/lokaal	\N	\N
ddd:010597117:mpeg21:a0090	1904	Leeuwarder courant	Advertentie	advertentie	0.6964285714285714	nl	12_Bagger_OCR	\N	Regionaal/lokaal	\N	\N
ddd:010599620:mpeg21:a0090	1912	Leeuwarder courant	Advertentie	advertentie	0.5543478260869565	nl	06_Hunt_economical	\N	Regionaal/lokaal	\N	\N
ddd:010601132:mpeg21:a0088	1917	Leeuwarder courant	Advertentie	advertentie	0.6901408450704225	nl	06_Hunt_economical	\N	Regionaal/lokaal	\N	\N
ddd:010604323:mpeg21:a0052	1928	Leeuwarder courant	Advertentie	advertentie	0.6857142857142857	af	06_Hunt_economical	\N	Regionaal/lokaal	\N	\N
ddd:010661218:mpeg21:a0025	1931	Algemeen Handelsblad	Advertentie	advertentie	0.8109452736318408	nl	06_Hunt_economical	\N	Landelijk	\N	\N
MMDA03:000111739:mpeg21:a0059	1926	Provinciale Drentsche en Asser courant	Advertentie	advertentie	0.65625	nl	06_Hunt_economical	\N	Regionaal/lokaal	\N	\N
ddd:010666790:mpeg21:a0078	1911	Nieuwsblad van het Noorden	Advertentie	advertentie	0.7560137457044673	nl	06_Hunt_economical	\N	Regionaal/lokaal	\N	\N
ddd:010736085:mpeg21:a0022	1906	Nieuwsblad van Friesland : Hepkema's courant	Advertentie	advertentie	0.8386524822695035	nl	06_Hunt_economical	\N	Regionaal/lokaal	\N	\N
MMKB04:000143771:mpeg21:a0074	1916	Haagsche courant	Advertentie	advertentie	0.7985257985257985	nl	06_Hunt_economical	\N	Regionaal/lokaal	\N	\N
MMKB04:000145574:mpeg21:a0139	1929	Haagsche courant	Advertentie	advertentie	0.7831858407079646	nl	06_Hunt_economical	\N	Regionaal/lokaal	\N	\N
MMKB04:000166764:mpeg21:a0016	1876	De Maasbode	Advertentie	advertentie	0.8109452736318408	nl	06_Hunt_economical	\N	Regionaal/lokaal	\N	\N
ddd:010760830:mpeg21:a0172	1928	Nieuwsblad van Friesland : Hepkema's courant	Advertentie	advertentie	0.5357142857142857	nl	06_Hunt_economical	\N	Regionaal/lokaal	\N	\N
ddd:010858020:mpeg21:a0021	1928	Nieuw Israelietisch weekblad	Advertentie	advertentie	0.6203208556149733	nl	06_Hunt_economical	\N	Landelijk	\N	\N
ddd:010858022:mpeg21:a0027	1928	Nieuw Israelietisch weekblad	Advertentie	advertentie	0.6271186440677966	nl	06_Hunt_economical	\N	Landelijk	\N	\N
ddd:010931524:mpeg21:a0033	1928	Limburgsch dagblad	Advertentie	advertentie	0.7032967032967034	nl	06_Hunt_economical	\N	Regionaal/lokaal	\N	\N
ddd:011007757:mpeg21:a0069	1883	Rotterdamsch nieuwsblad	Advertentie	advertentie	0.5603448275862069	nl	06_Hunt_economical	\N	Regionaal/lokaal	\N	\N
ddd:110556002:mpeg21:a0038	1908	De Telegraaf	Advertentie	advertentie	0.6184738955823293	nl	06_Hunt_economical	\N	Landelijk	\N	\N
ddd:110596915:mpeg21:a0039	1912	De Graafschap-bode : nieuws- en advertentieblad voor stad- en ambt-Doetinchem, Hummelo en Keppel, Wehl, Zeddam, 's Heerenberg, Ulft, Gendringen, Sillevolde, Terborg, Varsseveld, Dinxperlo, Aalten, Breedevoorde, Lichtenvoorde, Groenlo, Neede, Eibergen, Bor	Advertentie	advertentie	0.7480916030534351	nl	06_Hunt_economical	\N	Regionaal/lokaal	\N	\N
MMCODA01:000154596:mpeg21:a0028	1927	Nieuwe Apeldoornsche courant	Advertentie	advertentie	0.7757009345794392	nl	06_Hunt_economical	\N	Regionaal/lokaal	\N	\N
MMGARO01:000171846:mpeg21:a0026	1917	De grondwet	Advertentie	advertentie	0.7922077922077922	nl	06_Hunt_economical	\N	Regionaal/lokaal	\N	\N
MMHCO01:000062815:mpeg21:a0018	1883	Provinciale Overijsselsche en Zwolsche courant	Advertentie	advertentie	0.775623268698061	nl	06_Hunt_economical	\N	Regionaal/lokaal	\N	\N
MMKB04:000129932:mpeg21:a0058	1906	Haagsche courant	Advertentie	advertentie	0.5925925925925926	nl	06_Hunt_economical	\N	Regionaal/lokaal	\N	\N
MMKB04:000135124:mpeg21:a0089	1913	Haagsche courant	Advertentie	advertentie	0.8472222222222222	nl	06_Hunt_economical	\N	Regionaal/lokaal	\N	\N
MMKB04:000186429:mpeg21:a0060	1911	De Maasbode	P. FEIN HZN.	advertentie	0.7070707070707071	nl	06_Hunt_economical	\N	Regionaal/lokaal	\N	\N
MMKB04:000187346:mpeg21:a0034	1911	De Maasbode	P. FEIN HZN.	advertentie	0.7076923076923077	nl	06_Hunt_economical	\N	Regionaal/lokaal	\N	\N
MMKB08:000105555:mpeg21:a0021	1925	Arnhemsche courant	Advertentie	advertentie	0.71875	nl	06_Hunt_economical	\N	Regionaal/lokaal	\N	\N
MMKB08:000113419:mpeg21:a0020	1874	Delftsche courant	Advertentie	advertentie	0.8622448979591837	nl	06_Hunt_economical	\N	Regionaal/lokaal	\N	\N
MMKB08:000138393:mpeg21:a0036	1913	Delftsche courant	Advertentie	advertentie	0.8040540540540541	nl	06_Hunt_economical	\N	Regionaal/lokaal	\N	\N
MMRANM02:000019035:mpeg21:a0042	1913	Provinciale Geldersche en Nijmeegsche courant	Advertentie	advertentie	0.8304093567251462	nl	01_Natural_history	\N	Regionaal/lokaal	\N	\N
MMRHCE01:000053007:mpeg21:a0068	1928	Eindhovensch dagblad	Advertentie	advertentie	0.7569444444444444	nl	06_Hunt_economical	\N	Regionaal/lokaal	\N	\N
MMRHCE01:000053027:mpeg21:a0045	1928	Eindhovensch dagblad	Advertentie	advertentie	0.7710843373493976	nl	06_Hunt_economical	\N	Regionaal/lokaal	\N	\N
MMRHCE01:000057053:mpeg21:a0083	1929	Eindhovensch dagblad	Advertentie	advertentie	0.6890756302521008	nl	06_Hunt_economical	\N	Regionaal/lokaal	\N	\N
ddd:010086113:mpeg21:a0001	1856	Algemeen Handelsblad	DE TENTOONSTELLING VAN NIJVERHEID EN BEELDENDE KUNSTEN VAN ALLE VOLKEN, TE PARIJS.  XV B.  TWEEDE KLASSE, PLANTAARDIGE STOFFEN ZONDER CULTURE BOSCHTEELT JAGT EN VISSCHERIJ.	artikel	0.9110418830044998	nl	01_Natural_history	\N	Landelijk	\N	\N
ddd:110598124:mpeg21:a0037	1928	De Graafschap-bode : nieuws- en advertentieblad voor stad- en ambt-Doetinchem, Hummelo en Keppel, Wehl, Zeddam, 's Heerenberg, Ulft, Gendringen, Sillevolde, Terborg, Varsseveld, Dinxperlo, Aalten, Breedevoorde, Lichtenvoorde, Groenlo, Neede, Eibergen, Bor	VARSSEVELD. Nieuwe telejoonaansluiting.	artikel	0.8319327731092437	nl	05_Pest_control	\N	Regionaal/lokaal	\N	\N
MMHCO01:000081899:mpeg21:a0068	1920	Provinciale Overijsselsche en Zwolsche courant	Derde Blad der Provinciale Overijsselsche en Zwolsche Courant Donderdag 28 October 1920. No. 255. Uit en over de Natuur.	artikel	0.9366272824919442	nl	06_Hunt_economical	\N	Regionaal/lokaal	\N	\N
ddd:010134813:mpeg21:a0115	1908	Het nieuws van den dag voor Nederlandsch-Indië	HET NIEUWS VAN DEN DAG Derde Blad. Kongoleesche Fabels.	artikel	0.8673417721518988	nl	11_Nobeast	\N	Nederlands-Indië / Indonesië	\N	\N
ddd:010930752:mpeg21:a0194	1932	Limburgsch dagblad	Steenmarters.	artikel	0.5416666666666666	nl	01_Natural_history	\N	Regionaal/lokaal	\N	\N
ddd:011153444:mpeg21:a0248	1937	De Graafschap-bode : nieuws- en advertentieblad voor stad- en ambt-Doetinchem, Hummelo en Keppel, Wehl, Zeddam, 's Heerenberg, Ulft, Gendringen, Sillevolde, Terborg, Varsseveld, Dinxperlo, Aalten, Breedevoorde, Lichtenvoorde, Groenlo, Neede, Eibergen, Bor	Velders’ Thee Tot weerziens op den Brühl.	artikel	0.9294498381877022	nl	11_Nobeast	\N	Regionaal/lokaal	\N	\N
ddd:110564334:mpeg21:a0044	1924	De Telegraaf	Het Buitenleven. De steenmarter.	artikel	0.5625	nl	01_Natural_history	\N	Landelijk	\N	\N
MMKB08:000127911:mpeg21:a0021	1908	De Preanger-bode	TWEEDE BLAD. De Preanger Bode. ZATERDAG 29 FEBRUARI 1908, No. 51. Redacteur W. F. M. van SCHAIK, te Bandoeng. CONGOLEESCHE FABELS.	artikel	0.9567224466243508	nl	11_Nobeast	\N	Nederlands-Indië / Indonesië	\N	\N
MMSAEN01:000050069:mpeg21:a0007	1923	Twentsch dagblad Tubantia en Enschedesche courant	Twentsch Nieuws Enschede, 25 April.	artikel	0.9214634146341464	nl	05_Pest_control	\N	Regionaal/lokaal	\N	\N
